{
	"folders": {},
	"connections": {
		"hsqldb_server-187b45c1ecf-2b2dbd83fe3c6a3": {
			"provider": "generic",
			"driver": "hsqldb_server",
			"name": "HSQLDB - nwtis_1 - SA",
			"save-password": true,
			"configuration": {
				"host": "localhost",
				"port": "9001",
				"database": "nwtis_1",
				"url": "jdbc:hsqldb:hsql://localhost:9001/nwtis_1",
				"configurationType": "MANUAL",
				"type": "dev",
				"auth-model": "native"
			}
		},
		"hsqldb_server-187b53dc7ea-46d3fbf19063bffa": {
			"provider": "generic",
			"driver": "hsqldb_server",
			"name": "HSQLDB - nwtis_1 - kontejner",
			"save-password": true,
			"configuration": {
				"host": "200.20.0.3",
				"port": "9001",
				"database": "nwtis_1",
				"url": "jdbc:hsqldb:hsql://200.20.0.3:9001/nwtis_1",
				"configurationType": "MANUAL",
				"type": "dev",
				"auth-model": "native"
			}
		},
		"hsqldb_server-187d439241f-3d89c21573f12202": {
			"provider": "generic",
			"driver": "hsqldb_server",
			"name": "HSQLDB - nwtis_1 - nwtis_1",
			"save-password": true,
			"configuration": {
				"host": "localhost",
				"port": "9001",
				"database": "nwtis_1",
				"url": "jdbc:hsqldb:hsql://localhost:9001/nwtis_1",
				"configurationType": "MANUAL",
				"type": "dev",
				"auth-model": "native"
			},
			"filters": [
				{
					"type": "org.jkiss.dbeaver.model.struct.rdb.DBSSchema",
					"enabled": true,
					"include": [
						"PUBLIC"
					]
				}
			]
		}
	},
	"virtual-models": {
		"hsqldb_server-187b45c1ecf-2b2dbd83fe3c6a3": {
			"PUBLIC": {
				"PUBLIC": {
					"@properties": {
						"erd.diagram.state": {
							"serialized": "\u003cdiagram version\u003d\"1\" name\u003d\"empty\" time\u003d\"202304241947\"\u003e\u003centities\u003e\u003cdata-source id\u003d\"hsqldb_server-187b45c1ecf-2b2dbd83fe3c6a3\"\u003e\u003centity id\u003d\"1\" name\u003d\"AIRPORTS\" fq-name\u003d\"PUBLIC.PUBLIC.AIRPORTS\" order\u003d\"0\" x\u003d\"280\" y\u003d\"22\"\u003e\u003cpath name\u003d\"PUBLIC\"/\u003e\u003cpath name\u003d\"PUBLIC\"/\u003e\u003c/entity\u003e\u003centity id\u003d\"2\" name\u003d\"AIRPORTS_DISTANCE_MATRIX\" fq-name\u003d\"PUBLIC.PUBLIC.AIRPORTS_DISTANCE_MATRIX\" order\u003d\"1\" x\u003d\"20\" y\u003d\"77\"\u003e\u003cpath name\u003d\"PUBLIC\"/\u003e\u003cpath name\u003d\"PUBLIC\"/\u003e\u003c/entity\u003e\u003centity id\u003d\"3\" name\u003d\"LETOVI_POLASCI\" fq-name\u003d\"PUBLIC.PUBLIC.LETOVI_POLASCI\" order\u003d\"2\" x\u003d\"473\" y\u003d\"17\"\u003e\u003cpath name\u003d\"PUBLIC\"/\u003e\u003cpath name\u003d\"PUBLIC\"/\u003e\u003c/entity\u003e\u003c/data-source\u003e\u003c/entities\u003e\u003crelations\u003e\u003crelation name\u003d\"SYS_FK_10110\" fq-name\u003d\"PUBLIC.PUBLIC.AIRPORTS_DISTANCE_MATRIX.SYS_FK_10110\" type\u003d\"fk\" pk-ref\u003d\"1\" fk-ref\u003d\"2\"/\u003e\u003crelation name\u003d\"SYS_FK_10111\" fq-name\u003d\"PUBLIC.PUBLIC.AIRPORTS_DISTANCE_MATRIX.SYS_FK_10111\" type\u003d\"fk\" pk-ref\u003d\"1\" fk-ref\u003d\"2\"/\u003e\u003crelation name\u003d\"SYS_FK_10181\" fq-name\u003d\"PUBLIC.PUBLIC.LETOVI_POLASCI.SYS_FK_10181\" type\u003d\"fk\" pk-ref\u003d\"1\" fk-ref\u003d\"3\"/\u003e\u003c/relations\u003e\u003c/diagram\u003e"
						}
					}
				}
			}
		}
	},
	"connection-types": {
		"dev": {
			"name": "Development",
			"color": "255,255,255",
			"description": "Regular development database",
			"auto-commit": true,
			"confirm-execute": false,
			"confirm-data-change": false,
			"auto-close-transactions": false
		}
	}
}