FOISK-SHTC3;0:0:18;19.0;16.0;-999.0;ERROR 23: uređaj ne postoji.
FOIKŽ-DHT11;0:0:20;6.8;-999.0;-999.0;ERROR 29: POGREŠKA U OBRADI NAREDBE
FOIZA-SHTC3;0:0:30;23.1;33.1;-999.0;ERROR 23: uređaj ne postoji.
FOI2-DHT11;0:0:30;22.4;-999.0;-999.0;ERROR 23: uređaj ne postoji.
FOIKŽ-DHT11;0:30:43;6.5;-999.0;-999.0;ERROR 29: POGREŠKA U OBRADI NAREDBE
FOIZA-SHTC3;0:30:52;23.1;33.0;-999.0;ERROR 23: uređaj ne postoji.
FOI2-DHT11;0:30:52;22.3;-999.0;-999.0;ERROR 23: uređaj ne postoji.
FOIZA-SHTC3;1:0:13;22.9;33.0;-999.0;ERROR 23: uređaj ne postoji.
FOI2-DHT11;1:0:13;22.3;-999.0;-999.0;ERROR 23: uređaj ne postoji.
FOIKŽ-DHT11;1:0:4;5.8;-999.0;-999.0;ERROR 29: POGREŠKA U OBRADI NAREDBE
FOISK-SHTC3;1:0:5;18.0;17.0;-999.0;ERROR 23: uređaj ne postoji.
FOIKŽ-DHT11;1:30:27;6.0;-999.0;-999.0;ERROR 29: POGREŠKA U OBRADI NAREDBE
FOIZA-SHTC3;1:30:35;22.9;32.9;-999.0;ERROR 23: uređaj ne postoji.
FOI2-DHT11;1:30:35;22.3;-999.0;-999.0;ERROR 23: uređaj ne postoji.
FOIKŽ-DHT11;2:0:49;6.1;-999.0;-999.0;ERROR 29: POGREŠKA U OBRADI NAREDBE
FOIZA-SHTC3;2:0:57;23.0;32.9;-999.0;ERROR 23: uređaj ne postoji.
FOI2-DHT11;2:0:57;22.3;-999.0;-999.0;ERROR 23: uređaj ne postoji.FOISK-SHTC3;0:0:18;19.0;16.0;-999.0;ERROR 23: uređaj ne postoji.
FOIKŽ-DHT11;0:0:20;6.8;-999.0;-999.0;ERROR 29: POGREŠKA U OBRADI NAREDBE
FOIZA-SHTC3;0:0:30;23.1;33.1;-999.0;ERROR 23: uređaj ne postoji.
FOI2-DHT11;0:0:30;22.4;-999.0;-999.0;ERROR 23: uređaj ne postoji.
FOIKŽ-DHT11;0:30:43;6.5;-999.0;-999.0;ERROR 29: POGREŠKA U OBRADI NAREDBE
FOIZA-SHTC3;0:30:52;23.1;33.0;-999.0;ERROR 23: uređaj ne postoji.
FOI2-DHT11;0:30:52;22.3;-999.0;-999.0;ERROR 23: uređaj ne postoji.
FOIZA-SHTC3;1:0:13;22.9;33.0;-999.0;ERROR 23: uređaj ne postoji.
FOI2-DHT11;1:0:13;22.3;-999.0;-999.0;ERROR 23: uređaj ne postoji.
FOIKŽ-DHT11;1:0:4;5.8;-999.0;-999.0;ERROR 29: POGREŠKA U OBRADI NAREDBE
FOISK-SHTC3;1:0:5;18.0;17.0;-999.0;ERROR 23: uređaj ne postoji.
FOIKŽ-DHT11;1:30:27;6.0;-999.0;-999.0;ERROR 29: POGREŠKA U OBRADI NAREDBE
FOIZA-SHTC3;1:30:35;22.9;32.9;-999.0;ERROR 23: uređaj ne postoji.
FOI2-DHT11;1:30:35;22.3;-999.0;-999.0;ERROR 23: uređaj ne postoji.
FOIKŽ-DHT11;2:0:49;6.1;-999.0;-999.0;ERROR 29: POGREŠKA U OBRADI NAREDBE
FOIZA-SHTC3;2:0:57;23.0;32.9;-999.0;ERROR 23: uređaj ne postoji.
FOI2-DHT11;2:0:57;22.3;-999.0;-999.0;ERROR 23: uređaj ne postoji.
FOIKŽ-DHT11;2:30:11;6.7;-999.0;-999.0;ERROR 29: POGREŠKA U OBRADI NAREDBE
FOIZA-SHTC3;2:30:18;22.9;32.8;-999.0;ERROR 23: uređaj ne postoji.
FOI2-DHT11;2:30:18;22.3;-999.0;-999.0;ERROR 23: uređaj ne postoji.
FOISK-SHTC3;3:0:3;18.0;17.0;-999.0;ERROR 23: uređaj ne postoji.
FOIKŽ-DHT11;3:0:34;6.7;-999.0;-999.0;ERROR 29: POGREŠKA U OBRADI NAREDBE
FOIZA-SHTC3;3:0:40;23.0;32.7;-999.0;ERROR 23: uređaj ne postoji.
FOI2-DHT11;3:0:40;22.3;-999.0;-999.0;ERROR 23: uređaj ne postoji.
FOIZA-SHTC3;3:30:2;22.8;32.6;-999.0;ERROR 23: uređaj ne postoji.
FOI2-DHT11;3:30:2;22.3;-999.0;-999.0;ERROR 23: uređaj ne postoji.
FOIKŽ-DHT11;3:30:56;5.8;-999.0;-999.0;ERROR 29: POGREŠKA U OBRADI NAREDBE
FOIKŽ-DHT11;4:0:18;6.2;-999.0;-999.0;ERROR 29: POGREŠKA U OBRADI NAREDBE
FOIZA-SHTC3;4:0:24;23.0;32.7;-999.0;ERROR 23: uređaj ne postoji.
FOI2-DHT11;4:0:24;22.3;-999.0;-999.0;ERROR 23: uređaj ne postoji.
FOIKŽ-DHT11;4:30:40;6.2;-999.0;-999.0;ERROR 29: POGREŠKA U OBRADI NAREDBE
FOIZA-SHTC3;4:30:46;22.9;32.7;-999.0;ERROR 23: uređaj ne postoji.
FOI2-DHT11;4:30:46;22.2;-999.0;-999.0;ERROR 23: uređaj ne postoji.
FOISK-SHTC3;5:0:17;17.0;17.0;-999.0;ERROR 23: uređaj ne postoji.
FOIKŽ-DHT11;5:0:2;5.3;-999.0;-999.0;ERROR 29: POGREŠKA U OBRADI NAREDBE
FOI2-DHT11;5:0:7;22.2;-999.0;-999.0;ERROR 23: uređaj ne postoji.
FOISK-SHTC3;5:30:15;17.0;17.0;-999.0;ERROR 23: uređaj ne postoji.
FOIKŽ-DHT11;5:30:25;5.4;-999.0;-999.0;ERROR 29: POGREŠKA U OBRADI NAREDBE
FOIZA-SHTC3;5:30:29;23.0;32.5;-999.0;ERROR 23: uređaj ne postoji.
FOI2-DHT11;5:30:29;22.2;-999.0;-999.0;ERROR 23: uređaj ne postoji.
FOIKŽ-DHT11;6:0:47;5.6;-999.0;-999.0;ERROR 29: POGREŠKA U OBRADI NAREDBE
FOIZA-SHTC3;6:0:51;23.0;32.5;-999.0;ERROR 23: uređaj ne postoji.
FOI2-DHT11;6:0:51;22.2;-999.0;-999.0;ERROR 23: uređaj ne postoji.
FOIZA-SHTC3;6:30:12;22.9;32.5;-999.0;ERROR 23: uređaj ne postoji.
FOI2-DHT11;6:30:12;22.2;-999.0;-999.0;ERROR 23: uređaj ne postoji.
FOIKŽ-DHT11;6:30:9;4.9;-999.0;-999.0;ERROR 29: POGREŠKA U OBRADI NAREDBE
FOISK-SHTC3;7:0:2;20.0;16.0;-999.0;ERROR 23: uređaj ne postoji.
FOIKŽ-DHT11;7:0:31;5.9;-999.0;-999.0;ERROR 29: POGREŠKA U OBRADI NAREDBE
FOIZA-SHTC3;7:0:34;22.9;32.5;-999.0;ERROR 23: uređaj ne postoji.
FOI2-DHT11;7:0:34;22.2;-999.0;-999.0;ERROR 23: uređaj ne postoji.
FOIKŽ-DHT11;7:30:53;5.8;-999.0;-999.0;ERROR 29: POGREŠKA U OBRADI NAREDBE
FOIZA-SHTC3;7:30:56;22.8;32.1;-999.0;ERROR 23: uređaj ne postoji.
FOI2-DHT11;7:30:56;22.2;-999.0;-999.0;ERROR 23: uređaj ne postoji.
FOISK-SHTC3;8:0:12;20.0;16.0;-999.0;ERROR 23: uređaj ne postoji.
FOIKŽ-DHT11;8:0:15;6.5;-999.0;-999.0;ERROR 29: POGREŠKA U OBRADI NAREDBE
FOIZA-SHTC3;8:0:18;23.0;32.0;-999.0;ERROR 23: uređaj ne postoji.
FOI2-DHT11;8:0:18;22.3;-999.0;-999.0;ERROR 23: uređaj ne postoji.
FOISK-SHTC3;8:30:15;19.0;16.0;-999.0;ERROR 23: uređaj ne postoji.
FOIKŽ-DHT11;8:30:38;4.9;-999.0;-999.0;ERROR 29: POGREŠKA U OBRADI NAREDBE
FOIZA-SHTC3;8:30:40;23.0;32.1;-999.0;ERROR 23: uređaj ne postoji.
FOI2-DHT11;8:30:40;22.2;-999.0;-999.0;ERROR 23: uređaj ne postoji.
FOIZA-SHTC3;9:0:1;23.0;32.1;-999.0;ERROR 23: uređaj ne postoji.
FOI2-DHT11;9:0:1;22.4;-999.0;-999.0;ERROR 23: uređaj ne postoji.
FOISK-SHTC3;9:0:11;19.0;16.0;-999.0;ERROR 23: uređaj ne postoji.
FOIKŽ-DHT11;9:30:22;4.6;-999.0;-999.0;ERROR 29: POGREŠKA U OBRADI NAREDBE
FOIZA-SHTC3;9:30:23;23.4;32.7;-999.0;ERROR 23: uređaj ne postoji.
FOI2-DHT11;9:30:23;22.7;-999.0;-999.0;ERROR 23: uređaj ne postoji.
FOIKŽ-DHT11;10:0:44;5.2;-999.0;-999.0;ERROR 29: POGREŠKA U OBRADI NAREDBE
FOIZA-SHTC3;10:0:45;23.5;32.6;-999.0;ERROR 23: uređaj ne postoji.
FOI2-DHT11;10:0:45;22.9;-999.0;-999.0;ERROR 23: uređaj ne postoji.
FOISK-SHTC3;10:30:5;19.0;16.0;-999.0;ERROR 23: uređaj ne postoji.
FOI2-DHT11;10:30:6;22.9;-999.0;-999.0;ERROR 23: uređaj ne postoji.
FOIKŽ-DHT11;10:30:6;5.9;-999.0;-999.0;ERROR 29: POGREŠKA U OBRADI NAREDBE
FOISK-SHTC3;11:0:19;19.0;16.0;-999.0;ERROR 23: uređaj ne postoji.
FOIZA-SHTC3;11:0:28;23.6;33.2;-999.0;ERROR 23: uređaj ne postoji.
FOI2-DHT11;11:0:28;23.1;-999.0;-999.0;ERROR 23: uređaj ne postoji.
FOIKŽ-DHT11;11:0:29;5.9;-999.0;-999.0;ERROR 29: POGREŠKA U OBRADI NAREDBE
FOIZA-SHTC3;11:30:50;23.8;33.2;-999.0;ERROR 23: uređaj ne postoji.
FOI2-DHT11;11:30:50;23.1;-999.0;-999.0;ERROR 23: uređaj ne postoji.
FOIKŽ-DHT11;11:30:51;6.2;-999.0;-999.0;ERROR 29: POGREŠKA U OBRADI NAREDBE
FOIZA-SHTC3;12:0:12;23.7;33.2;-999.0;ERROR 23: uređaj ne postoji.
FOI2-DHT11;12:0:12;23.1;-999.0;-999.0;ERROR 23: uređaj ne postoji.
FOIKŽ-DHT11;12:0:13;6.8;-999.0;-999.0;ERROR 29: POGREŠKA U OBRADI NAREDBE
FOISK-SHTC3;12:30:12;19.0;16.0;-999.0;ERROR 23: uređaj ne postoji.
FOIZA-SHTC3;12:30:34;23.8;33.3;-999.0;ERROR 23: uređaj ne postoji.
FOI2-DHT11;12:30:34;23.2;-999.0;-999.0;ERROR 23: uređaj ne postoji.
FOIKŽ-DHT11;12:30:35;6.6;-999.0;-999.0;ERROR 29: POGREŠKA U OBRADI NAREDBE
FOIZA-SHTC3;13:0:56;23.8;33.5;-999.0;ERROR 23: uređaj ne postoji.
FOI2-DHT11;13:0:56;23.1;-999.0;-999.0;ERROR 23: uređaj ne postoji.
FOIKŽ-DHT11;13:0:58;6.9;-999.0;-999.0;ERROR 29: POGREŠKA U OBRADI NAREDBE
FOIZA-SHTC3;13:30:17;23.6;33.4;-999.0;ERROR 23: uređaj ne postoji.
FOI2-DHT11;13:30:17;23.0;-999.0;-999.0;ERROR 23: uređaj ne postoji.
FOIKŽ-DHT11;13:30:20;6.2;-999.0;-999.0;ERROR 29: POGREŠKA U OBRADI NAREDBE
FOISK-SHTC3;14:0:23;19.0;17.0;-999.0;ERROR 23: uređaj ne postoji.
FOIZA-SHTC3;14:0:39;23.5;33.3;-999.0;ERROR 23: uređaj ne postoji.
FOI2-DHT11;14:0:39;22.9;-999.0;-999.0;ERROR 23: uređaj ne postoji.
FOIKŽ-DHT11;14:0:42;6.1;-999.0;-999.0;ERROR 29: POGREŠKA U OBRADI NAREDBE
FOIZA-SHTC3;14:30:0;23.5;33.1;-999.0;ERROR 23: uređaj ne postoji.
FOI2-DHT11;14:30:0;22.8;-999.0;-999.0;ERROR 23: uređaj ne postoji.
FOIKŽ-DHT11;14:30:4;6.4;-999.0;-999.0;ERROR 29: POGREŠKA U OBRADI NAREDBE
FOISK-SHTC3;14:30:5;20.0;17.0;-999.0;ERROR 23: uređaj ne postoji.
FOIZA-SHTC3;15:0:22;23.3;33.5;-999.0;ERROR 23: uređaj ne postoji.
FOI2-DHT11;15:0:22;22.7;-999.0;-999.0;ERROR 23: uređaj ne postoji.
FOIKŽ-DHT11;15:0:27;6.7;-999.0;-999.0;ERROR 29: POGREŠKA U OBRADI NAREDBE
FOISK-SHTC3;15:0:7;19.0;16.0;-999.0;ERROR 23: uređaj ne postoji.
FOIZA-SHTC3;15:30:44;23.7;33.7;-999.0;ERROR 23: uređaj ne postoji.
FOI2-DHT11;15:30:44;23.0;-999.0;-999.0;ERROR 23: uređaj ne postoji.
FOIKŽ-DHT11;15:30:49;6.8;-999.0;-999.0;ERROR 29: POGREŠKA U OBRADI NAREDBE
FOISK-SHTC3;15:30:7;19.0;17.0;-999.0;ERROR 23: uređaj ne postoji.
FOIKŽ-DHT11;16:0:11;6.4;-999.0;-999.0;ERROR 29: POGREŠKA U OBRADI NAREDBE
FOI2-DHT11;16:0:6;23.2;-999.0;-999.0;ERROR 23: uređaj ne postoji.
FOISK-SHTC3;16:0:7;19.0;17.0;-999.0;ERROR 23: uređaj ne postoji.
FOISK-SHTC3;16:30:15;19.0;17.0;-999.0;ERROR 23: uređaj ne postoji.
FOIZA-SHTC3;16:30:28;23.8;33.9;-999.0;ERROR 23: uređaj ne postoji.
FOI2-DHT11;16:30:28;23.2;-999.0;-999.0;ERROR 23: uređaj ne postoji.
FOIKŽ-DHT11;16:30:33;6.4;-999.0;-999.0;ERROR 29: POGREŠKA U OBRADI NAREDBE
FOIZA-SHTC3;17:0:50;23.6;33.8;-999.0;ERROR 23: uređaj ne postoji.
FOI2-DHT11;17:0:50;22.9;-999.0;-999.0;ERROR 23: uređaj ne postoji.
FOIKŽ-DHT11;17:0:56;6.1;-999.0;-999.0;ERROR 29: POGREŠKA U OBRADI NAREDBE
FOIZA-SHTC3;17:30:11;23.5;33.7;-999.0;ERROR 23: uređaj ne postoji.
FOI2-DHT11;17:30:11;22.9;-999.0;-999.0;ERROR 23: uređaj ne postoji.
FOIKŽ-DHT11;17:30:18;7.3;-999.0;-999.0;ERROR 29: POGREŠKA U OBRADI NAREDBE
FOIZA-SHTC3;18:0:33;23.5;33.7;-999.0;ERROR 23: uređaj ne postoji.
FOI2-DHT11;18:0:33;22.8;-999.0;-999.0;ERROR 23: uređaj ne postoji.
FOIKŽ-DHT11;18:0:40;7.4;-999.0;-999.0;ERROR 29: POGREŠKA U OBRADI NAREDBE
FOIKŽ-DHT11;18:30:2;6.9;-999.0;-999.0;ERROR 29: POGREŠKA U OBRADI NAREDBE
FOISK-SHTC3;18:30:5;19.0;17.0;-999.0;ERROR 23: uređaj ne postoji.
FOIZA-SHTC3;18:30:55;23.4;33.6;-999.0;ERROR 23: uređaj ne postoji.
FOI2-DHT11;18:30:55;22.8;-999.0;-999.0;ERROR 23: uređaj ne postoji.
FOIZA-SHTC3;19:0:16;23.4;33.6;-999.0;ERROR 23: uređaj ne postoji.
FOI2-DHT11;19:0:16;22.8;-999.0;-999.0;ERROR 23: uređaj ne postoji.
FOIKŽ-DHT11;19:0:24;7.2;-999.0;-999.0;ERROR 29: POGREŠKA U OBRADI NAREDBE
FOISK-SHTC3;19:30:16;19.0;17.0;-999.0;ERROR 23: uređaj ne postoji.
FOIZA-SHTC3;19:30:38;23.5;33.5;-999.0;ERROR 23: uređaj ne postoji.
FOI2-DHT11;19:30:38;22.8;-999.0;-999.0;ERROR 23: uređaj ne postoji.
FOIKŽ-DHT11;19:30:47;7.3;-999.0;-999.0;ERROR 29: POGREŠKA U OBRADI NAREDBE
FOIZA-SHTC3;20:0:0;23.5;33.5;-999.0;ERROR 23: uređaj ne postoji.
FOI2-DHT11;20:0:0;22.8;-999.0;-999.0;ERROR 23: uređaj ne postoji.
FOISK-SHTC3;20:0:20;19.0;17.0;-999.0;ERROR 23: uređaj ne postoji.
FOIKŽ-DHT11;20:0:9;6.1;-999.0;-999.0;ERROR 29: POGREŠKA U OBRADI NAREDBE
FOIZA-SHTC3;20:30:22;23.5;33.5;-999.0;ERROR 23: uređaj ne postoji.
FOI2-DHT11;20:30:22;22.8;-999.0;-999.0;ERROR 23: uređaj ne postoji.
FOIKŽ-DHT11;20:30:31;6.9;-999.0;-999.0;ERROR 29: POGREŠKA U OBRADI NAREDBE
FOISK-SHTC3;21:0:20;19.0;17.0;-999.0;ERROR 23: uređaj ne postoji.
FOIZA-SHTC3;21:0:44;23.5;33.5;-999.0;ERROR 23: uređaj ne postoji.
FOI2-DHT11;21:0:44;22.8;-999.0;-999.0;ERROR 23: uređaj ne postoji.
FOIKŽ-DHT11;21:0:54;7.2;-999.0;-999.0;ERROR 29: POGREŠKA U OBRADI NAREDBE
FOISK-SHTC3;21:30:12;19.0;17.0;-999.0;ERROR 23: uređaj ne postoji.
FOIKŽ-DHT11;21:30:16;6.9;-999.0;-999.0;ERROR 29: POGREŠKA U OBRADI NAREDBE
FOI2-DHT11;21:30:5;22.8;-999.0;-999.0;ERROR 23: uređaj ne postoji.
FOISK-SHTC3;22:0:13;19.0;17.0;-999.0;ERROR 23: uređaj ne postoji.
FOIZA-SHTC3;22:0:27;23.3;33.4;-999.0;ERROR 23: uređaj ne postoji.
FOI2-DHT11;22:0:27;22.7;-999.0;-999.0;ERROR 23: uređaj ne postoji.
FOIKŽ-DHT11;22:0:38;5.8;-999.0;-999.0;ERROR 29: POGREŠKA U OBRADI NAREDBE
FOIKŽ-DHT11;22:30:0;5.5;-999.0;-999.0;ERROR 29: POGREŠKA U OBRADI NAREDBE
FOIZA-SHTC3;22:30:49;23.3;33.4;-999.0;ERROR 23: uređaj ne postoji.
FOI2-DHT11;22:30:49;22.6;-999.0;-999.0;ERROR 23: uređaj ne postoji.
FOIZA-SHTC3;23:0:10;23.3;33.3;-999.0;ERROR 23: uređaj ne postoji.
FOI2-DHT11;23:0:10;22.6;-999.0;-999.0;ERROR 23: uređaj ne postoji.
FOIKŽ-DHT11;23:0:22;5.3;-999.0;-999.0;ERROR 29: POGREŠKA U OBRADI NAREDBE
FOIZA-SHTC3;23:30:32;23.3;33.4;-999.0;ERROR 23: uređaj ne postoji.
FOI2-DHT11;23:30:32;22.6;-999.0;-999.0;ERROR 23: uređaj ne postoji.
FOIKŽ-DHT11;23:30:45;5.4;-999.0;-999.0;ERROR 29: POGREŠKA U OBRADI NAREDBE
FOISK-SHTC3;0:0:18;19.0;16.0;-999.0;ERROR 23: uređaj ne postoji.
FOIKŽ-DHT11;0:0:20;6.8;-999.0;-999.0;ERROR 29: POGREŠKA U OBRADI NAREDBE
FOIZA-SHTC3;0:0:30;23.1;33.1;-999.0;ERROR 23: uređaj ne postoji.
FOI2-DHT11;0:0:30;22.4;-999.0;-999.0;ERROR 23: uređaj ne postoji.
FOIKŽ-DHT11;0:30:43;6.5;-999.0;-999.0;ERROR 29: POGREŠKA U OBRADI NAREDBE
FOIZA-SHTC3;0:30:52;23.1;33.0;-999.0;ERROR 23: uređaj ne postoji.
FOI2-DHT11;0:30:52;22.3;-999.0;-999.0;ERROR 23: uređaj ne postoji.
FOIZA-SHTC3;1:0:13;22.9;33.0;-999.0;ERROR 23: uređaj ne postoji.
FOI2-DHT11;1:0:13;22.3;-999.0;-999.0;ERROR 23: uređaj ne postoji.
FOIKŽ-DHT11;1:0:4;5.8;-999.0;-999.0;ERROR 29: POGREŠKA U OBRADI NAREDBE
FOISK-SHTC3;1:0:5;18.0;17.0;-999.0;ERROR 23: uređaj ne postoji.
FOIKŽ-DHT11;1:30:27;6.0;-999.0;-999.0;ERROR 29: POGREŠKA U OBRADI NAREDBE
FOIZA-SHTC3;1:30:35;22.9;32.9;-999.0;ERROR 23: uređaj ne postoji.
FOI2-DHT11;1:30:35;22.3;-999.0;-999.0;ERROR 23: uređaj ne postoji.
FOIKŽ-DHT11;2:0:49;6.1;-999.0;-999.0;ERROR 29: POGREŠKA U OBRADI NAREDBE
FOIZA-SHTC3;2:0:57;23.0;32.9;-999.0;ERROR 23: uređaj ne postoji.
FOI2-DHT11;2:0:57;22.3;-999.0;-999.0;ERROR 23: uređaj ne postoji.
FOIKŽ-DHT11;2:30:11;6.7;-999.0;-999.0;ERROR 29: POGREŠKA U OBRADI NAREDBE
FOIZA-SHTC3;2:30:18;22.9;32.8;-999.0;ERROR 23: uređaj ne postoji.
FOI2-DHT11;2:30:18;22.3;-999.0;-999.0;ERROR 23: uređaj ne postoji.
FOISK-SHTC3;3:0:3;18.0;17.0;-999.0;ERROR 23: uređaj ne postoji.
FOIKŽ-DHT11;3:0:34;6.7;-999.0;-999.0;ERROR 29: POGREŠKA U OBRADI NAREDBE
FOIZA-SHTC3;3:0:40;23.0;32.7;-999.0;ERROR 23: uređaj ne postoji.
FOI2-DHT11;3:0:40;22.3;-999.0;-999.0;ERROR 23: uređaj ne postoji.
FOIZA-SHTC3;3:30:2;22.8;32.6;-999.0;ERROR 23: uređaj ne postoji.
FOI2-DHT11;3:30:2;22.3;-999.0;-999.0;ERROR 23: uređaj ne postoji.
FOIKŽ-DHT11;3:30:56;5.8;-999.0;-999.0;ERROR 29: POGREŠKA U OBRADI NAREDBE
FOIKŽ-DHT11;4:0:18;6.2;-999.0;-999.0;ERROR 29: POGREŠKA U OBRADI NAREDBE
FOIZA-SHTC3;4:0:24;23.0;32.7;-999.0;ERROR 23: uređaj ne postoji.
FOI2-DHT11;4:0:24;22.3;-999.0;-999.0;ERROR 23: uređaj ne postoji.
FOIKŽ-DHT11;4:30:40;6.2;-999.0;-999.0;ERROR 29: POGREŠKA U OBRADI NAREDBE
FOIZA-SHTC3;4:30:46;22.9;32.7;-999.0;ERROR 23: uređaj ne postoji.
FOI2-DHT11;4:30:46;22.2;-999.0;-999.0;ERROR 23: uređaj ne postoji.
FOISK-SHTC3;5:0:17;17.0;17.0;-999.0;ERROR 23: uređaj ne postoji.
FOIKŽ-DHT11;5:0:2;5.3;-999.0;-999.0;ERROR 29: POGREŠKA U OBRADI NAREDBE
FOI2-DHT11;5:0:7;22.2;-999.0;-999.0;ERROR 23: uređaj ne postoji.
FOISK-SHTC3;5:30:15;17.0;17.0;-999.0;ERROR 23: uređaj ne postoji.
FOIKŽ-DHT11;5:30:25;5.4;-999.0;-999.0;ERROR 29: POGREŠKA U OBRADI NAREDBE
FOIZA-SHTC3;5:30:29;23.0;32.5;-999.0;ERROR 23: uređaj ne postoji.
FOI2-DHT11;5:30:29;22.2;-999.0;-999.0;ERROR 23: uređaj ne postoji.
FOIKŽ-DHT11;6:0:47;5.6;-999.0;-999.0;ERROR 29: POGREŠKA U OBRADI NAREDBE
FOIZA-SHTC3;6:0:51;23.0;32.5;-999.0;ERROR 23: uređaj ne postoji.
FOI2-DHT11;6:0:51;22.2;-999.0;-999.0;ERROR 23: uređaj ne postoji.
FOIZA-SHTC3;6:30:12;22.9;32.5;-999.0;ERROR 23: uređaj ne postoji.
FOI2-DHT11;6:30:12;22.2;-999.0;-999.0;ERROR 23: uređaj ne postoji.
FOIKŽ-DHT11;6:30:9;4.9;-999.0;-999.0;ERROR 29: POGREŠKA U OBRADI NAREDBE
FOISK-SHTC3;7:0:2;20.0;16.0;-999.0;ERROR 23: uređaj ne postoji.
FOIKŽ-DHT11;7:0:31;5.9;-999.0;-999.0;ERROR 29: POGREŠKA U OBRADI NAREDBE
FOIZA-SHTC3;7:0:34;22.9;32.5;-999.0;ERROR 23: uređaj ne postoji.
FOI2-DHT11;7:0:34;22.2;-999.0;-999.0;ERROR 23: uređaj ne postoji.
FOIKŽ-DHT11;7:30:53;5.8;-999.0;-999.0;ERROR 29: POGREŠKA U OBRADI NAREDBE
FOIZA-SHTC3;7:30:56;22.8;32.1;-999.0;ERROR 23: uređaj ne postoji.
FOI2-DHT11;7:30:56;22.2;-999.0;-999.0;ERROR 23: uređaj ne postoji.
FOISK-SHTC3;8:0:12;20.0;16.0;-999.0;ERROR 23: uređaj ne postoji.
FOIKŽ-DHT11;8:0:15;6.5;-999.0;-999.0;ERROR 29: POGREŠKA U OBRADI NAREDBE
FOIZA-SHTC3;8:0:18;23.0;32.0;-999.0;ERROR 23: uređaj ne postoji.
FOI2-DHT11;8:0:18;22.3;-999.0;-999.0;ERROR 23: uređaj ne postoji.
FOISK-SHTC3;8:30:15;19.0;16.0;-999.0;ERROR 23: uređaj ne postoji.
FOIKŽ-DHT11;8:30:38;4.9;-999.0;-999.0;ERROR 29: POGREŠKA U OBRADI NAREDBE
FOIZA-SHTC3;8:30:40;23.0;32.1;-999.0;ERROR 23: uređaj ne postoji.
FOI2-DHT11;8:30:40;22.2;-999.0;-999.0;ERROR 23: uređaj ne postoji.
FOIZA-SHTC3;9:0:1;23.0;32.1;-999.0;ERROR 23: uređaj ne postoji.
FOI2-DHT11;9:0:1;22.4;-999.0;-999.0;ERROR 23: uređaj ne postoji.
FOISK-SHTC3;9:0:11;19.0;16.0;-999.0;ERROR 23: uređaj ne postoji.
FOIKŽ-DHT11;9:30:22;4.6;-999.0;-999.0;ERROR 29: POGREŠKA U OBRADI NAREDBE
FOIZA-SHTC3;9:30:23;23.4;32.7;-999.0;ERROR 23: uređaj ne postoji.
FOI2-DHT11;9:30:23;22.7;-999.0;-999.0;ERROR 23: uređaj ne postoji.
FOIKŽ-DHT11;10:0:44;5.2;-999.0;-999.0;ERROR 29: POGREŠKA U OBRADI NAREDBE
FOIZA-SHTC3;10:0:45;23.5;32.6;-999.0;ERROR 23: uređaj ne postoji.
FOI2-DHT11;10:0:45;22.9;-999.0;-999.0;ERROR 23: uređaj ne postoji.
FOISK-SHTC3;10:30:5;19.0;16.0;-999.0;ERROR 23: uređaj ne postoji.
FOI2-DHT11;10:30:6;22.9;-999.0;-999.0;ERROR 23: uređaj ne postoji.
FOIKŽ-DHT11;10:30:6;5.9;-999.0;-999.0;ERROR 29: POGREŠKA U OBRADI NAREDBE
FOISK-SHTC3;11:0:19;19.0;16.0;-999.0;ERROR 23: uređaj ne postoji.
FOIZA-SHTC3;11:0:28;23.6;33.2;-999.0;ERROR 23: uređaj ne postoji.
FOI2-DHT11;11:0:28;23.1;-999.0;-999.0;ERROR 23: uređaj ne postoji.
FOIKŽ-DHT11;11:0:29;5.9;-999.0;-999.0;ERROR 29: POGREŠKA U OBRADI NAREDBE
FOIZA-SHTC3;11:30:50;23.8;33.2;-999.0;ERROR 23: uređaj ne postoji.
FOI2-DHT11;11:30:50;23.1;-999.0;-999.0;ERROR 23: uređaj ne postoji.
FOIKŽ-DHT11;11:30:51;6.2;-999.0;-999.0;ERROR 29: POGREŠKA U OBRADI NAREDBE
FOIZA-SHTC3;12:0:12;23.7;33.2;-999.0;ERROR 23: uređaj ne postoji.
FOI2-DHT11;12:0:12;23.1;-999.0;-999.0;ERROR 23: uređaj ne postoji.
FOIKŽ-DHT11;12:0:13;6.8;-999.0;-999.0;ERROR 29: POGREŠKA U OBRADI NAREDBE
FOISK-SHTC3;12:30:12;19.0;16.0;-999.0;ERROR 23: uređaj ne postoji.
FOIZA-SHTC3;12:30:34;23.8;33.3;-999.0;ERROR 23: uređaj ne postoji.
FOI2-DHT11;12:30:34;23.2;-999.0;-999.0;ERROR 23: uređaj ne postoji.
FOIKŽ-DHT11;12:30:35;6.6;-999.0;-999.0;ERROR 29: POGREŠKA U OBRADI NAREDBE
FOIZA-SHTC3;13:0:56;23.8;33.5;-999.0;ERROR 23: uređaj ne postoji.
FOI2-DHT11;13:0:56;23.1;-999.0;-999.0;ERROR 23: uređaj ne postoji.
FOIKŽ-DHT11;13:0:58;6.9;-999.0;-999.0;ERROR 29: POGREŠKA U OBRADI NAREDBE
FOIZA-SHTC3;13:30:17;23.6;33.4;-999.0;ERROR 23: uređaj ne postoji.
FOI2-DHT11;13:30:17;23.0;-999.0;-999.0;ERROR 23: uređaj ne postoji.
FOIKŽ-DHT11;13:30:20;6.2;-999.0;-999.0;ERROR 29: POGREŠKA U OBRADI NAREDBE
FOISK-SHTC3;14:0:23;19.0;17.0;-999.0;ERROR 23: uređaj ne postoji.
FOIZA-SHTC3;14:0:39;23.5;33.3;-999.0;ERROR 23: uređaj ne postoji.
FOI2-DHT11;14:0:39;22.9;-999.0;-999.0;ERROR 23: uređaj ne postoji.
FOIKŽ-DHT11;14:0:42;6.1;-999.0;-999.0;ERROR 29: POGREŠKA U OBRADI NAREDBE
FOIZA-SHTC3;14:30:0;23.5;33.1;-999.0;ERROR 23: uređaj ne postoji.
FOI2-DHT11;14:30:0;22.8;-999.0;-999.0;ERROR 23: uređaj ne postoji.
FOIKŽ-DHT11;14:30:4;6.4;-999.0;-999.0;ERROR 29: POGREŠKA U OBRADI NAREDBE
FOISK-SHTC3;14:30:5;20.0;17.0;-999.0;ERROR 23: uređaj ne postoji.
FOIZA-SHTC3;15:0:22;23.3;33.5;-999.0;ERROR 23: uređaj ne postoji.
FOI2-DHT11;15:0:22;22.7;-999.0;-999.0;ERROR 23: uređaj ne postoji.
FOIKŽ-DHT11;15:0:27;6.7;-999.0;-999.0;ERROR 29: POGREŠKA U OBRADI NAREDBE
FOISK-SHTC3;15:0:7;19.0;16.0;-999.0;ERROR 23: uređaj ne postoji.
FOIZA-SHTC3;15:30:44;23.7;33.7;-999.0;ERROR 23: uređaj ne postoji.
FOI2-DHT11;15:30:44;23.0;-999.0;-999.0;ERROR 23: uređaj ne postoji.
FOIKŽ-DHT11;15:30:49;6.8;-999.0;-999.0;ERROR 29: POGREŠKA U OBRADI NAREDBE
FOISK-SHTC3;15:30:7;19.0;17.0;-999.0;ERROR 23: uređaj ne postoji.
FOIKŽ-DHT11;16:0:11;6.4;-999.0;-999.0;ERROR 29: POGREŠKA U OBRADI NAREDBE
FOI2-DHT11;16:0:6;23.2;-999.0;-999.0;ERROR 23: uređaj ne postoji.
FOISK-SHTC3;16:0:7;19.0;17.0;-999.0;ERROR 23: uređaj ne postoji.
FOISK-SHTC3;16:30:15;19.0;17.0;-999.0;ERROR 23: uređaj ne postoji.
FOIZA-SHTC3;16:30:28;23.8;33.9;-999.0;ERROR 23: uređaj ne postoji.
FOI2-DHT11;16:30:28;23.2;-999.0;-999.0;ERROR 23: uređaj ne postoji.
FOIKŽ-DHT11;16:30:33;6.4;-999.0;-999.0;ERROR 29: POGREŠKA U OBRADI NAREDBE
FOIZA-SHTC3;17:0:50;23.6;33.8;-999.0;ERROR 23: uređaj ne postoji.
FOI2-DHT11;17:0:50;22.9;-999.0;-999.0;ERROR 23: uređaj ne postoji.
FOIKŽ-DHT11;17:0:56;6.1;-999.0;-999.0;ERROR 29: POGREŠKA U OBRADI NAREDBE
FOIZA-SHTC3;17:30:11;23.5;33.7;-999.0;ERROR 23: uređaj ne postoji.
FOI2-DHT11;17:30:11;22.9;-999.0;-999.0;ERROR 23: uređaj ne postoji.
FOIKŽ-DHT11;17:30:18;7.3;-999.0;-999.0;ERROR 29: POGREŠKA U OBRADI NAREDBE
FOIZA-SHTC3;18:0:33;23.5;33.7;-999.0;ERROR 23: uređaj ne postoji.
FOI2-DHT11;18:0:33;22.8;-999.0;-999.0;ERROR 23: uređaj ne postoji.
FOIKŽ-DHT11;18:0:40;7.4;-999.0;-999.0;ERROR 29: POGREŠKA U OBRADI NAREDBE
FOIKŽ-DHT11;18:30:2;6.9;-999.0;-999.0;ERROR 29: POGREŠKA U OBRADI NAREDBE
FOISK-SHTC3;18:30:5;19.0;17.0;-999.0;ERROR 23: uređaj ne postoji.
FOIZA-SHTC3;18:30:55;23.4;33.6;-999.0;ERROR 23: uređaj ne postoji.
FOI2-DHT11;18:30:55;22.8;-999.0;-999.0;ERROR 23: uređaj ne postoji.
FOIZA-SHTC3;19:0:16;23.4;33.6;-999.0;ERROR 23: uređaj ne postoji.
FOI2-DHT11;19:0:16;22.8;-999.0;-999.0;ERROR 23: uređaj ne postoji.
FOIKŽ-DHT11;19:0:24;7.2;-999.0;-999.0;ERROR 29: POGREŠKA U OBRADI NAREDBE
FOISK-SHTC3;19:30:16;19.0;17.0;-999.0;ERROR 23: uređaj ne postoji.
FOIZA-SHTC3;19:30:38;23.5;33.5;-999.0;ERROR 23: uređaj ne postoji.
FOI2-DHT11;19:30:38;22.8;-999.0;-999.0;ERROR 23: uređaj ne postoji.
FOIKŽ-DHT11;19:30:47;7.3;-999.0;-999.0;ERROR 29: POGREŠKA U OBRADI NAREDBE
FOIZA-SHTC3;20:0:0;23.5;33.5;-999.0;ERROR 23: uređaj ne postoji.
FOI2-DHT11;20:0:0;22.8;-999.0;-999.0;ERROR 23: uređaj ne postoji.
FOISK-SHTC3;20:0:20;19.0;17.0;-999.0;ERROR 23: uređaj ne postoji.
FOIKŽ-DHT11;20:0:9;6.1;-999.0;-999.0;ERROR 29: POGREŠKA U OBRADI NAREDBE
FOIZA-SHTC3;20:30:22;23.5;33.5;-999.0;ERROR 23: uređaj ne postoji.
FOI2-DHT11;20:30:22;22.8;-999.0;-999.0;ERROR 23: uređaj ne postoji.
FOIKŽ-DHT11;20:30:31;6.9;-999.0;-999.0;ERROR 29: POGREŠKA U OBRADI NAREDBE
FOISK-SHTC3;21:0:20;19.0;17.0;-999.0;ERROR 23: uređaj ne postoji.
FOIZA-SHTC3;21:0:44;23.5;33.5;-999.0;ERROR 23: uređaj ne postoji.
FOI2-DHT11;21:0:44;22.8;-999.0;-999.0;ERROR 23: uređaj ne postoji.
FOIKŽ-DHT11;21:0:54;7.2;-999.0;-999.0;ERROR 29: POGREŠKA U OBRADI NAREDBE
FOISK-SHTC3;21:30:12;19.0;17.0;-999.0;ERROR 23: uređaj ne postoji.
FOIKŽ-DHT11;21:30:16;6.9;-999.0;-999.0;ERROR 29: POGREŠKA U OBRADI NAREDBE
FOI2-DHT11;21:30:5;22.8;-999.0;-999.0;ERROR 23: uređaj ne postoji.
FOISK-SHTC3;22:0:13;19.0;17.0;-999.0;ERROR 23: uređaj ne postoji.
FOIZA-SHTC3;22:0:27;23.3;33.4;-999.0;ERROR 23: uređaj ne postoji.
FOI2-DHT11;22:0:27;22.7;-999.0;-999.0;ERROR 23: uređaj ne postoji.
FOIKŽ-DHT11;22:0:38;5.8;-999.0;-999.0;ERROR 29: POGREŠKA U OBRADI NAREDBE
FOIKŽ-DHT11;22:30:0;5.5;-999.0;-999.0;ERROR 29: POGREŠKA U OBRADI NAREDBE
FOIZA-SHTC3;22:30:49;23.3;33.4;-999.0;ERROR 23: uređaj ne postoji.
FOI2-DHT11;22:30:49;22.6;-999.0;-999.0;ERROR 23: uređaj ne postoji.
FOIZA-SHTC3;23:0:10;23.3;33.3;-999.0;ERROR 23: uređaj ne postoji.
FOI2-DHT11;23:0:10;22.6;-999.0;-999.0;ERROR 23: uređaj ne postoji.
FOIKŽ-DHT11;23:0:22;5.3;-999.0;-999.0;ERROR 29: POGREŠKA U OBRADI NAREDBE
FOIZA-SHTC3;23:30:32;23.3;33.4;-999.0;ERROR 23: uređaj ne postoji.
FOI2-DHT11;23:30:32;22.6;-999.0;-999.0;ERROR 23: uređaj ne postoji.
FOIKŽ-DHT11;23:30:45;5.4;-999.0;-999.0;ERROR 29: POGREŠKA U OBRADI NAREDBE
