<?xml version="1.0" encoding="UTF-8"?>
<con:soapui-project id="beda1d69-87d3-4bd4-b44d-3e9c9f75d905" activeEnvironment="Default" name="dkusic-projekt" resourceRoot="" soapui-version="5.7.0" abortOnError="false" runType="SEQUENTIAL" xmlns:con="http://eviware.com/soapui/config"><con:settings/><con:interface xsi:type="con:WsdlInterface" id="c15b4b7d-2d7d-4e87-a4c4-cf13a4e3b762" wsaVersion="NONE" name="WsMeteoPortBinding" type="wsdl" bindingName="{http://ws.aplikacija_4.dkusic.nwtis.foi.org/}WsMeteoPortBinding" soapVersion="1_1" anonymous="optional" definition="http://webpredmeti:8080/dkusic_aplikacija_4/meteo?wsdl" xmlns:xsi="http://www.w3.org/2001/XMLSchema-instance"><con:settings/><con:definitionCache type="TEXT" rootPart="http://webpredmeti:8080/dkusic_aplikacija_4/meteo?wsdl"><con:part><con:url>http://webpredmeti:8080/dkusic_aplikacija_4/meteo?wsdl</con:url><con:content><![CDATA[<!--Published by XML-WS Runtime (https://github.com/eclipse-ee4j/metro-jax-ws). Runtime's version is Eclipse Metro/4.0.1 (RELEASE-4.0.1-18da659; 2022-07-02T08:47:18+0000) XMLWS-Impl/4.0.0 XMLWS-API/ XMLB-Impl/4.0.0 XMLB-API/4.0.0 git-revision#18da659.-->
<!--Generated by XML-WS Runtime (https://github.com/eclipse-ee4j/metro-jax-ws). Runtime's version is Eclipse Metro/4.0.1 (RELEASE-4.0.1-18da659; 2022-07-02T08:47:18+0000) XMLWS-Impl/4.0.0 XMLWS-API/ XMLB-Impl/4.0.0 XMLB-API/4.0.0 git-revision#18da659.-->
<definitions targetNamespace="http://ws.aplikacija_4.dkusic.nwtis.foi.org/" name="meteo" xmlns:wsu="http://docs.oasis-open.org/wss/2004/01/oasis-200401-wss-wssecurity-utility-1.0.xsd" xmlns:wsp="http://www.w3.org/ns/ws-policy" xmlns:wsp1_2="http://schemas.xmlsoap.org/ws/2004/09/policy" xmlns:wsam="http://www.w3.org/2007/05/addressing/metadata" xmlns:soap="http://schemas.xmlsoap.org/wsdl/soap/" xmlns:tns="http://ws.aplikacija_4.dkusic.nwtis.foi.org/" xmlns:xsd="http://www.w3.org/2001/XMLSchema" xmlns="http://schemas.xmlsoap.org/wsdl/">
  <types>
    <xsd:schema>
      <xsd:import namespace="http://ws.aplikacija_4.dkusic.nwtis.foi.org/" schemaLocation="http://webpredmeti:8080/dkusic_aplikacija_4/meteo?xsd=1"/>
    </xsd:schema>
  </types>
  <message name="dajMeteo">
    <part name="parameters" element="tns:dajMeteo"/>
  </message>
  <message name="dajMeteoResponse">
    <part name="parameters" element="tns:dajMeteoResponse"/>
  </message>
  <message name="NwtisRestIznimka">
    <part name="fault" element="tns:NwtisRestIznimka"/>
  </message>
  <portType name="WsMeteo">
    <operation name="dajMeteo">
      <input wsam:Action="http://ws.aplikacija_4.dkusic.nwtis.foi.org/WsMeteo/dajMeteoRequest" message="tns:dajMeteo"/>
      <output wsam:Action="http://ws.aplikacija_4.dkusic.nwtis.foi.org/WsMeteo/dajMeteoResponse" message="tns:dajMeteoResponse"/>
      <fault message="tns:NwtisRestIznimka" name="NwtisRestIznimka" wsam:Action="http://ws.aplikacija_4.dkusic.nwtis.foi.org/WsMeteo/dajMeteo/Fault/NwtisRestIznimka"/>
    </operation>
  </portType>
  <binding name="WsMeteoPortBinding" type="tns:WsMeteo">
    <soap:binding transport="http://schemas.xmlsoap.org/soap/http" style="document"/>
    <operation name="dajMeteo">
      <soap:operation soapAction=""/>
      <input>
        <soap:body use="literal"/>
      </input>
      <output>
        <soap:body use="literal"/>
      </output>
      <fault name="NwtisRestIznimka">
        <soap:fault name="NwtisRestIznimka" use="literal"/>
      </fault>
    </operation>
  </binding>
  <service name="meteo">
    <port name="WsMeteoPort" binding="tns:WsMeteoPortBinding">
      <soap:address location="http://webpredmeti:8080/dkusic_aplikacija_4/meteo"/>
    </port>
  </service>
</definitions>]]></con:content><con:type>http://schemas.xmlsoap.org/wsdl/</con:type></con:part><con:part><con:url>http://webpredmeti:8080/dkusic_aplikacija_4/meteo?xsd=1</con:url><con:content><![CDATA[<!--Published by XML-WS Runtime (https://github.com/eclipse-ee4j/metro-jax-ws). Runtime's version is Eclipse Metro/4.0.1 (RELEASE-4.0.1-18da659; 2022-07-02T08:47:18+0000) XMLWS-Impl/4.0.0 XMLWS-API/ XMLB-Impl/4.0.0 XMLB-API/4.0.0 git-revision#18da659.-->
<xs:schema version="1.0" targetNamespace="http://ws.aplikacija_4.dkusic.nwtis.foi.org/" xmlns:tns="http://ws.aplikacija_4.dkusic.nwtis.foi.org/" xmlns:xs="http://www.w3.org/2001/XMLSchema">
  <xs:element name="NwtisRestIznimka" type="tns:NwtisRestIznimka"/>
  <xs:element name="dajMeteo" type="tns:dajMeteo"/>
  <xs:element name="dajMeteoResponse" type="tns:dajMeteoResponse"/>
  <xs:complexType name="dajMeteo">
    <xs:sequence>
      <xs:element name="icao" type="xs:string" minOccurs="0"/>
    </xs:sequence>
  </xs:complexType>
  <xs:complexType name="dajMeteoResponse">
    <xs:sequence>
      <xs:element name="return" type="tns:meteoPodaci" minOccurs="0"/>
    </xs:sequence>
  </xs:complexType>
  <xs:complexType name="meteoPodaci">
    <xs:sequence>
      <xs:element name="cloudsName" type="xs:string" minOccurs="0"/>
      <xs:element name="cloudsValue" type="xs:int"/>
      <xs:element name="humidityUnit" type="xs:string" minOccurs="0"/>
      <xs:element name="humidityValue" type="xs:float" minOccurs="0"/>
      <xs:element name="lastUpdate" type="xs:dateTime" minOccurs="0"/>
      <xs:element name="precipitationMode" type="xs:string" minOccurs="0"/>
      <xs:element name="precipitationUnit" type="xs:string" minOccurs="0"/>
      <xs:element name="precipitationValue" type="xs:float" minOccurs="0"/>
      <xs:element name="pressureUnit" type="xs:string" minOccurs="0"/>
      <xs:element name="pressureValue" type="xs:float" minOccurs="0"/>
      <xs:element name="sunRise" type="xs:dateTime" minOccurs="0"/>
      <xs:element name="sunSet" type="xs:dateTime" minOccurs="0"/>
      <xs:element name="temperatureMax" type="xs:float" minOccurs="0"/>
      <xs:element name="temperatureMin" type="xs:float" minOccurs="0"/>
      <xs:element name="temperatureUnit" type="xs:string" minOccurs="0"/>
      <xs:element name="temperatureValue" type="xs:float" minOccurs="0"/>
      <xs:element name="visibility" type="xs:string" minOccurs="0"/>
      <xs:element name="weatherIcon" type="xs:string" minOccurs="0"/>
      <xs:element name="weatherNumber" type="xs:int"/>
      <xs:element name="weatherValue" type="xs:string" minOccurs="0"/>
      <xs:element name="windDirectionCode" type="xs:string" minOccurs="0"/>
      <xs:element name="windDirectionName" type="xs:string" minOccurs="0"/>
      <xs:element name="windDirectionValue" type="xs:float" minOccurs="0"/>
      <xs:element name="windSpeedName" type="xs:string" minOccurs="0"/>
      <xs:element name="windSpeedValue" type="xs:float" minOccurs="0"/>
    </xs:sequence>
  </xs:complexType>
  <xs:complexType name="NwtisRestIznimka">
    <xs:sequence>
      <xs:element name="message" type="xs:string" minOccurs="0"/>
    </xs:sequence>
  </xs:complexType>
</xs:schema>]]></con:content><con:type>http://www.w3.org/2001/XMLSchema</con:type></con:part></con:definitionCache><con:endpoints><con:endpoint>http://webpredmeti:8080/dkusic_aplikacija_4/meteo</con:endpoint></con:endpoints><con:operation id="e7e70f75-5e22-40be-9256-06ade8f35c40" isOneWay="false" action="" name="dajMeteo" bindingOperationName="dajMeteo" type="Request-Response" inputName="" receivesAttachments="false" sendsAttachments="false" anonymous="optional"><con:settings/><con:call id="60200c4c-102d-48b5-a837-192f36e39c8f" name="Request 1"><con:settings><con:setting id="com.eviware.soapui.impl.wsdl.WsdlRequest@request-headers">&lt;xml-fragment/></con:setting></con:settings><con:encoding>UTF-8</con:encoding><con:endpoint>http://webpredmeti:8080/dkusic_aplikacija_4/meteo</con:endpoint><con:request><![CDATA[<soapenv:Envelope xmlns:soapenv="http://schemas.xmlsoap.org/soap/envelope/" xmlns:ws="http://ws.aplikacija_4.dkusic.nwtis.foi.org/">
   <soapenv:Header/>
   <soapenv:Body>
      <ws:dajMeteo>
         <!--Optional:-->
         <icao>LDVA</icao>
      </ws:dajMeteo>
   </soapenv:Body>
</soapenv:Envelope>]]></con:request><con:credentials><con:authType>No Authorization</con:authType></con:credentials><con:jmsConfig JMSDeliveryMode="PERSISTENT"/><con:jmsPropertyConfig/><con:wsaConfig mustUnderstand="NONE" version="200508" action="http://ws.aplikacija_4.dkusic.nwtis.foi.org/WsMeteo/dajMeteoRequest"/><con:wsrmConfig version="1.2"/></con:call></con:operation></con:interface><con:interface xsi:type="con:WsdlInterface" id="112fa549-9eb5-49b5-af8b-351c1bd31d1a" wsaVersion="NONE" name="WsLetoviPortBinding" type="wsdl" bindingName="{http://ws.aplikacija_4.dkusic.nwtis.foi.org/}WsLetoviPortBinding" soapVersion="1_1" anonymous="optional" definition="http://webpredmeti:8080/dkusic_aplikacija_4/letovi?wsdl" xmlns:xsi="http://www.w3.org/2001/XMLSchema-instance"><con:settings/><con:definitionCache type="TEXT" rootPart="http://webpredmeti:8080/dkusic_aplikacija_4/letovi?wsdl"><con:part><con:url>http://webpredmeti:8080/dkusic_aplikacija_4/letovi?wsdl</con:url><con:content><![CDATA[<!--Published by XML-WS Runtime (https://github.com/eclipse-ee4j/metro-jax-ws). Runtime's version is Eclipse Metro/4.0.1 (RELEASE-4.0.1-18da659; 2022-07-02T08:47:18+0000) XMLWS-Impl/4.0.0 XMLWS-API/ XMLB-Impl/4.0.0 XMLB-API/4.0.0 git-revision#18da659.-->
<!--Generated by XML-WS Runtime (https://github.com/eclipse-ee4j/metro-jax-ws). Runtime's version is Eclipse Metro/4.0.1 (RELEASE-4.0.1-18da659; 2022-07-02T08:47:18+0000) XMLWS-Impl/4.0.0 XMLWS-API/ XMLB-Impl/4.0.0 XMLB-API/4.0.0 git-revision#18da659.-->
<definitions targetNamespace="http://ws.aplikacija_4.dkusic.nwtis.foi.org/" name="letovi" xmlns:wsu="http://docs.oasis-open.org/wss/2004/01/oasis-200401-wss-wssecurity-utility-1.0.xsd" xmlns:wsp="http://www.w3.org/ns/ws-policy" xmlns:wsp1_2="http://schemas.xmlsoap.org/ws/2004/09/policy" xmlns:wsam="http://www.w3.org/2007/05/addressing/metadata" xmlns:soap="http://schemas.xmlsoap.org/wsdl/soap/" xmlns:tns="http://ws.aplikacija_4.dkusic.nwtis.foi.org/" xmlns:xsd="http://www.w3.org/2001/XMLSchema" xmlns="http://schemas.xmlsoap.org/wsdl/">
  <types>
    <xsd:schema>
      <xsd:import namespace="http://ws.aplikacija_4.dkusic.nwtis.foi.org/" schemaLocation="http://webpredmeti:8080/dkusic_aplikacija_4/letovi?xsd=1"/>
    </xsd:schema>
  </types>
  <message name="dajPolaskeInterval">
    <part name="parameters" element="tns:dajPolaskeInterval"/>
  </message>
  <message name="dajPolaskeIntervalResponse">
    <part name="parameters" element="tns:dajPolaskeIntervalResponse"/>
  </message>
  <message name="dajPolaskeNaDan">
    <part name="parameters" element="tns:dajPolaskeNaDan"/>
  </message>
  <message name="dajPolaskeNaDanResponse">
    <part name="parameters" element="tns:dajPolaskeNaDanResponse"/>
  </message>
  <message name="dajPolaskeNaDanOS">
    <part name="parameters" element="tns:dajPolaskeNaDanOS"/>
  </message>
  <message name="dajPolaskeNaDanOSResponse">
    <part name="parameters" element="tns:dajPolaskeNaDanOSResponse"/>
  </message>
  <portType name="WsLetovi">
    <operation name="dajPolaskeInterval">
      <input wsam:Action="http://ws.aplikacija_4.dkusic.nwtis.foi.org/WsLetovi/dajPolaskeIntervalRequest" message="tns:dajPolaskeInterval"/>
      <output wsam:Action="http://ws.aplikacija_4.dkusic.nwtis.foi.org/WsLetovi/dajPolaskeIntervalResponse" message="tns:dajPolaskeIntervalResponse"/>
    </operation>
    <operation name="dajPolaskeNaDan">
      <input wsam:Action="http://ws.aplikacija_4.dkusic.nwtis.foi.org/WsLetovi/dajPolaskeNaDanRequest" message="tns:dajPolaskeNaDan"/>
      <output wsam:Action="http://ws.aplikacija_4.dkusic.nwtis.foi.org/WsLetovi/dajPolaskeNaDanResponse" message="tns:dajPolaskeNaDanResponse"/>
    </operation>
    <operation name="dajPolaskeNaDanOS">
      <input wsam:Action="http://ws.aplikacija_4.dkusic.nwtis.foi.org/WsLetovi/dajPolaskeNaDanOSRequest" message="tns:dajPolaskeNaDanOS"/>
      <output wsam:Action="http://ws.aplikacija_4.dkusic.nwtis.foi.org/WsLetovi/dajPolaskeNaDanOSResponse" message="tns:dajPolaskeNaDanOSResponse"/>
    </operation>
  </portType>
  <binding name="WsLetoviPortBinding" type="tns:WsLetovi">
    <soap:binding transport="http://schemas.xmlsoap.org/soap/http" style="document"/>
    <operation name="dajPolaskeInterval">
      <soap:operation soapAction=""/>
      <input>
        <soap:body use="literal"/>
      </input>
      <output>
        <soap:body use="literal"/>
      </output>
    </operation>
    <operation name="dajPolaskeNaDan">
      <soap:operation soapAction=""/>
      <input>
        <soap:body use="literal"/>
      </input>
      <output>
        <soap:body use="literal"/>
      </output>
    </operation>
    <operation name="dajPolaskeNaDanOS">
      <soap:operation soapAction=""/>
      <input>
        <soap:body use="literal"/>
      </input>
      <output>
        <soap:body use="literal"/>
      </output>
    </operation>
  </binding>
  <service name="letovi">
    <port name="WsLetoviPort" binding="tns:WsLetoviPortBinding">
      <soap:address location="http://webpredmeti:8080/dkusic_aplikacija_4/letovi"/>
    </port>
  </service>
</definitions>]]></con:content><con:type>http://schemas.xmlsoap.org/wsdl/</con:type></con:part><con:part><con:url>http://webpredmeti:8080/dkusic_aplikacija_4/letovi?xsd=1</con:url><con:content><![CDATA[<!--Published by XML-WS Runtime (https://github.com/eclipse-ee4j/metro-jax-ws). Runtime's version is Eclipse Metro/4.0.1 (RELEASE-4.0.1-18da659; 2022-07-02T08:47:18+0000) XMLWS-Impl/4.0.0 XMLWS-API/ XMLB-Impl/4.0.0 XMLB-API/4.0.0 git-revision#18da659.-->
<xs:schema version="1.0" targetNamespace="http://ws.aplikacija_4.dkusic.nwtis.foi.org/" xmlns:tns="http://ws.aplikacija_4.dkusic.nwtis.foi.org/" xmlns:xs="http://www.w3.org/2001/XMLSchema">
  <xs:element name="dajPolaskeInterval" type="tns:dajPolaskeInterval"/>
  <xs:element name="dajPolaskeIntervalResponse" type="tns:dajPolaskeIntervalResponse"/>
  <xs:element name="dajPolaskeNaDan" type="tns:dajPolaskeNaDan"/>
  <xs:element name="dajPolaskeNaDanOS" type="tns:dajPolaskeNaDanOS"/>
  <xs:element name="dajPolaskeNaDanOSResponse" type="tns:dajPolaskeNaDanOSResponse"/>
  <xs:element name="dajPolaskeNaDanResponse" type="tns:dajPolaskeNaDanResponse"/>
  <xs:complexType name="dajPolaskeNaDanOS">
    <xs:sequence>
      <xs:element name="korisnik" type="xs:string" minOccurs="0"/>
      <xs:element name="lozinka" type="xs:string" minOccurs="0"/>
      <xs:element name="icao" type="xs:string" minOccurs="0"/>
      <xs:element name="dan" type="xs:string" minOccurs="0"/>
    </xs:sequence>
  </xs:complexType>
  <xs:complexType name="dajPolaskeNaDanOSResponse">
    <xs:sequence>
      <xs:element name="return" type="tns:letAviona" minOccurs="0" maxOccurs="unbounded"/>
    </xs:sequence>
  </xs:complexType>
  <xs:complexType name="letAviona">
    <xs:sequence>
      <xs:element name="arrivalAirportCandidatesCount" type="xs:int"/>
      <xs:element name="callsign" type="xs:string" minOccurs="0"/>
      <xs:element name="departureAirportCandidatesCount" type="xs:int"/>
      <xs:element name="estArrivalAirport" type="xs:string" minOccurs="0"/>
      <xs:element name="estArrivalAirportHorizDistance" type="xs:int"/>
      <xs:element name="estArrivalAirportVertDistance" type="xs:int"/>
      <xs:element name="estDepartureAirport" type="xs:string" minOccurs="0"/>
      <xs:element name="estDepartureAirportHorizDistance" type="xs:int"/>
      <xs:element name="estDepartureAirportVertDistance" type="xs:int"/>
      <xs:element name="firstSeen" type="xs:int"/>
      <xs:element name="icao24" type="xs:string" minOccurs="0"/>
      <xs:element name="lastSeen" type="xs:int"/>
    </xs:sequence>
  </xs:complexType>
  <xs:complexType name="dajPolaskeNaDan">
    <xs:sequence>
      <xs:element name="korisnik" type="xs:string" minOccurs="0"/>
      <xs:element name="lozinka" type="xs:string" minOccurs="0"/>
      <xs:element name="icao" type="xs:string" minOccurs="0"/>
      <xs:element name="dan" type="xs:string" minOccurs="0"/>
      <xs:element name="odBroja" type="xs:int"/>
      <xs:element name="broj" type="xs:int"/>
    </xs:sequence>
  </xs:complexType>
  <xs:complexType name="dajPolaskeNaDanResponse">
    <xs:sequence>
      <xs:element name="return" type="tns:letAviona" minOccurs="0" maxOccurs="unbounded"/>
    </xs:sequence>
  </xs:complexType>
  <xs:complexType name="dajPolaskeInterval">
    <xs:sequence>
      <xs:element name="korisnik" type="xs:string" minOccurs="0"/>
      <xs:element name="lozinka" type="xs:string" minOccurs="0"/>
      <xs:element name="icao" type="xs:string" minOccurs="0"/>
      <xs:element name="danOd" type="xs:string" minOccurs="0"/>
      <xs:element name="danDo" type="xs:string" minOccurs="0"/>
      <xs:element name="odBroja" type="xs:int"/>
      <xs:element name="broj" type="xs:int"/>
    </xs:sequence>
  </xs:complexType>
  <xs:complexType name="dajPolaskeIntervalResponse">
    <xs:sequence>
      <xs:element name="return" type="tns:letAviona" minOccurs="0" maxOccurs="unbounded"/>
    </xs:sequence>
  </xs:complexType>
</xs:schema>]]></con:content><con:type>http://www.w3.org/2001/XMLSchema</con:type></con:part></con:definitionCache><con:endpoints><con:endpoint>http://webpredmeti:8080/dkusic_aplikacija_4/letovi</con:endpoint></con:endpoints><con:operation id="2e559767-145b-4876-81fa-c20eb9bfb7a5" isOneWay="false" action="" name="dajPolaskeInterval" bindingOperationName="dajPolaskeInterval" type="Request-Response" inputName="" receivesAttachments="false" sendsAttachments="false" anonymous="optional"><con:settings/><con:call id="4bf2de05-283b-4c94-b60f-bddaeed9fe6d" name="Request 1"><con:settings><con:setting id="com.eviware.soapui.impl.wsdl.WsdlRequest@request-headers">&lt;xml-fragment/></con:setting></con:settings><con:encoding>UTF-8</con:encoding><con:endpoint>http://webpredmeti:8080/dkusic_aplikacija_4/letovi</con:endpoint><con:request><![CDATA[<soapenv:Envelope xmlns:soapenv="http://schemas.xmlsoap.org/soap/envelope/" xmlns:ws="http://ws.aplikacija_4.dkusic.nwtis.foi.org/">
   <soapenv:Header/>
   <soapenv:Body>
      <ws:dajPolaskeInterval>
         <!--Optional:-->
         <korisnik>dkusic</korisnik>
         <!--Optional:-->
         <lozinka>sifra123</lozinka>
         <!--Optional:-->
         <icao>EDDF</icao>
         <!--Optional:-->
         <danOd>02.12.2022</danOd>
         <!--Optional:-->
         <danDo>04.12.2022</danDo>
         <odBroja></odBroja>
         <broj></broj>
      </ws:dajPolaskeInterval>
   </soapenv:Body>
</soapenv:Envelope>]]></con:request><con:credentials><con:authType>No Authorization</con:authType></con:credentials><con:jmsConfig JMSDeliveryMode="PERSISTENT"/><con:jmsPropertyConfig/><con:wsaConfig mustUnderstand="NONE" version="200508" action="http://ws.aplikacija_4.dkusic.nwtis.foi.org/WsLetovi/dajPolaskeIntervalRequest"/><con:wsrmConfig version="1.2"/></con:call></con:operation><con:operation id="eee9d75e-c701-42b0-b707-9f3e5ef4304b" isOneWay="false" action="" name="dajPolaskeNaDan" bindingOperationName="dajPolaskeNaDan" type="Request-Response" inputName="" receivesAttachments="false" sendsAttachments="false" anonymous="optional"><con:settings/><con:call id="7e225e2b-bd88-4937-9b92-150cb5342b71" name="Request 1"><con:settings><con:setting id="com.eviware.soapui.impl.wsdl.WsdlRequest@request-headers">&lt;xml-fragment/></con:setting></con:settings><con:encoding>UTF-8</con:encoding><con:endpoint>http://webpredmeti:8080/dkusic_aplikacija_4/letovi</con:endpoint><con:request><![CDATA[<soapenv:Envelope xmlns:soapenv="http://schemas.xmlsoap.org/soap/envelope/" xmlns:ws="http://ws.aplikacija_4.dkusic.nwtis.foi.org/">
   <soapenv:Header/>
   <soapenv:Body>
      <ws:dajPolaskeNaDan>
         <!--Optional:-->
         <korisnik>dkusic</korisnik>
         <!--Optional:-->
         <lozinka>sifra123</lozinka>
         <!--Optional:-->
         <icao>EDDF</icao>
         <!--Optional:-->
         <dan>02.12.2022</dan>
         <odBroja></odBroja>
         <broj></broj>
      </ws:dajPolaskeNaDan>
   </soapenv:Body>
</soapenv:Envelope>]]></con:request><con:credentials><con:authType>No Authorization</con:authType></con:credentials><con:jmsConfig JMSDeliveryMode="PERSISTENT"/><con:jmsPropertyConfig/><con:wsaConfig mustUnderstand="NONE" version="200508" action="http://ws.aplikacija_4.dkusic.nwtis.foi.org/WsLetovi/dajPolaskeNaDanRequest"/><con:wsrmConfig version="1.2"/></con:call></con:operation><con:operation id="edee26fa-d3ac-497a-8db6-ce053e469b07" isOneWay="false" action="" name="dajPolaskeNaDanOS" bindingOperationName="dajPolaskeNaDanOS" type="Request-Response" inputName="" receivesAttachments="false" sendsAttachments="false" anonymous="optional"><con:settings/><con:call id="263ec77b-a848-49d6-bc05-d655a456c4a1" name="Request 1"><con:settings><con:setting id="com.eviware.soapui.impl.wsdl.WsdlRequest@request-headers">&lt;xml-fragment/></con:setting></con:settings><con:encoding>UTF-8</con:encoding><con:endpoint>http://webpredmeti:8080/dkusic_aplikacija_4/letovi</con:endpoint><con:request><![CDATA[<soapenv:Envelope xmlns:soapenv="http://schemas.xmlsoap.org/soap/envelope/" xmlns:ws="http://ws.aplikacija_4.dkusic.nwtis.foi.org/">
   <soapenv:Header/>
   <soapenv:Body>
      <ws:dajPolaskeNaDanOS>
         <!--Optional:-->
         <korisnik>dkusic</korisnik>
         <!--Optional:-->
         <lozinka>sifra123</lozinka>
         <!--Optional:-->
         <icao>EDDF</icao>
         <!--Optional:-->
         <dan>02.04.2016</dan>
      </ws:dajPolaskeNaDanOS>
   </soapenv:Body>
</soapenv:Envelope>]]></con:request><con:credentials><con:authType>No Authorization</con:authType></con:credentials><con:jmsConfig JMSDeliveryMode="PERSISTENT"/><con:jmsPropertyConfig/><con:wsaConfig mustUnderstand="NONE" version="200508" action="http://ws.aplikacija_4.dkusic.nwtis.foi.org/WsLetovi/dajPolaskeNaDanOSRequest"/><con:wsrmConfig version="1.2"/></con:call></con:operation></con:interface><con:interface xsi:type="con:WsdlInterface" id="d6439804-33bb-423e-af5c-0780949b8b5c" wsaVersion="NONE" name="WsAerodromiPortBinding" type="wsdl" bindingName="{http://ws.aplikacija_4.dkusic.nwtis.foi.org/}WsAerodromiPortBinding" soapVersion="1_1" anonymous="optional" definition="http://webpredmeti:8080/dkusic_aplikacija_4/aerodromi?wsdl" xmlns:xsi="http://www.w3.org/2001/XMLSchema-instance"><con:settings/><con:definitionCache type="TEXT" rootPart="http://webpredmeti:8080/dkusic_aplikacija_4/aerodromi?wsdl"><con:part><con:url>http://webpredmeti:8080/dkusic_aplikacija_4/aerodromi?wsdl</con:url><con:content><![CDATA[<!--Published by XML-WS Runtime (https://github.com/eclipse-ee4j/metro-jax-ws). Runtime's version is Eclipse Metro/4.0.1 (RELEASE-4.0.1-18da659; 2022-07-02T08:47:18+0000) XMLWS-Impl/4.0.0 XMLWS-API/ XMLB-Impl/4.0.0 XMLB-API/4.0.0 git-revision#18da659.-->
<!--Generated by XML-WS Runtime (https://github.com/eclipse-ee4j/metro-jax-ws). Runtime's version is Eclipse Metro/4.0.1 (RELEASE-4.0.1-18da659; 2022-07-02T08:47:18+0000) XMLWS-Impl/4.0.0 XMLWS-API/ XMLB-Impl/4.0.0 XMLB-API/4.0.0 git-revision#18da659.-->
<definitions targetNamespace="http://ws.aplikacija_4.dkusic.nwtis.foi.org/" name="aerodromi" xmlns:wsu="http://docs.oasis-open.org/wss/2004/01/oasis-200401-wss-wssecurity-utility-1.0.xsd" xmlns:wsp="http://www.w3.org/ns/ws-policy" xmlns:wsp1_2="http://schemas.xmlsoap.org/ws/2004/09/policy" xmlns:wsam="http://www.w3.org/2007/05/addressing/metadata" xmlns:soap="http://schemas.xmlsoap.org/wsdl/soap/" xmlns:tns="http://ws.aplikacija_4.dkusic.nwtis.foi.org/" xmlns:xsd="http://www.w3.org/2001/XMLSchema" xmlns="http://schemas.xmlsoap.org/wsdl/">
  <types>
    <xsd:schema>
      <xsd:import namespace="http://ws.aplikacija_4.dkusic.nwtis.foi.org/" schemaLocation="http://webpredmeti:8080/dkusic_aplikacija_4/aerodromi?xsd=1"/>
    </xsd:schema>
  </types>
  <message name="vratiStatuse">
    <part name="parameters" element="tns:vratiStatuse"/>
  </message>
  <message name="vratiStatuseResponse">
    <part name="parameters" element="tns:vratiStatuseResponse"/>
  </message>
  <message name="dajAerodromeZaLetove">
    <part name="parameters" element="tns:dajAerodromeZaLetove"/>
  </message>
  <message name="dajAerodromeZaLetoveResponse">
    <part name="parameters" element="tns:dajAerodromeZaLetoveResponse"/>
  </message>
  <message name="dodajAerodromZaLetove">
    <part name="parameters" element="tns:dodajAerodromZaLetove"/>
  </message>
  <message name="dodajAerodromZaLetoveResponse">
    <part name="parameters" element="tns:dodajAerodromZaLetoveResponse"/>
  </message>
  <message name="pauzirajAerodromZaLetove">
    <part name="parameters" element="tns:pauzirajAerodromZaLetove"/>
  </message>
  <message name="pauzirajAerodromZaLetoveResponse">
    <part name="parameters" element="tns:pauzirajAerodromZaLetoveResponse"/>
  </message>
  <message name="aktivirajAerodromZaLetove">
    <part name="parameters" element="tns:aktivirajAerodromZaLetove"/>
  </message>
  <message name="aktivirajAerodromZaLetoveResponse">
    <part name="parameters" element="tns:aktivirajAerodromZaLetoveResponse"/>
  </message>
  <portType name="WsAerodromi">
    <operation name="vratiStatuse">
      <input wsam:Action="http://ws.aplikacija_4.dkusic.nwtis.foi.org/WsAerodromi/vratiStatuseRequest" message="tns:vratiStatuse"/>
      <output wsam:Action="http://ws.aplikacija_4.dkusic.nwtis.foi.org/WsAerodromi/vratiStatuseResponse" message="tns:vratiStatuseResponse"/>
    </operation>
    <operation name="dajAerodromeZaLetove">
      <input wsam:Action="http://ws.aplikacija_4.dkusic.nwtis.foi.org/WsAerodromi/dajAerodromeZaLetoveRequest" message="tns:dajAerodromeZaLetove"/>
      <output wsam:Action="http://ws.aplikacija_4.dkusic.nwtis.foi.org/WsAerodromi/dajAerodromeZaLetoveResponse" message="tns:dajAerodromeZaLetoveResponse"/>
    </operation>
    <operation name="dodajAerodromZaLetove">
      <input wsam:Action="http://ws.aplikacija_4.dkusic.nwtis.foi.org/WsAerodromi/dodajAerodromZaLetoveRequest" message="tns:dodajAerodromZaLetove"/>
      <output wsam:Action="http://ws.aplikacija_4.dkusic.nwtis.foi.org/WsAerodromi/dodajAerodromZaLetoveResponse" message="tns:dodajAerodromZaLetoveResponse"/>
    </operation>
    <operation name="pauzirajAerodromZaLetove">
      <input wsam:Action="http://ws.aplikacija_4.dkusic.nwtis.foi.org/WsAerodromi/pauzirajAerodromZaLetoveRequest" message="tns:pauzirajAerodromZaLetove"/>
      <output wsam:Action="http://ws.aplikacija_4.dkusic.nwtis.foi.org/WsAerodromi/pauzirajAerodromZaLetoveResponse" message="tns:pauzirajAerodromZaLetoveResponse"/>
    </operation>
    <operation name="aktivirajAerodromZaLetove">
      <input wsam:Action="http://ws.aplikacija_4.dkusic.nwtis.foi.org/WsAerodromi/aktivirajAerodromZaLetoveRequest" message="tns:aktivirajAerodromZaLetove"/>
      <output wsam:Action="http://ws.aplikacija_4.dkusic.nwtis.foi.org/WsAerodromi/aktivirajAerodromZaLetoveResponse" message="tns:aktivirajAerodromZaLetoveResponse"/>
    </operation>
  </portType>
  <binding name="WsAerodromiPortBinding" type="tns:WsAerodromi">
    <soap:binding transport="http://schemas.xmlsoap.org/soap/http" style="document"/>
    <operation name="vratiStatuse">
      <soap:operation soapAction=""/>
      <input>
        <soap:body use="literal"/>
      </input>
      <output>
        <soap:body use="literal"/>
      </output>
    </operation>
    <operation name="dajAerodromeZaLetove">
      <soap:operation soapAction=""/>
      <input>
        <soap:body use="literal"/>
      </input>
      <output>
        <soap:body use="literal"/>
      </output>
    </operation>
    <operation name="dodajAerodromZaLetove">
      <soap:operation soapAction=""/>
      <input>
        <soap:body use="literal"/>
      </input>
      <output>
        <soap:body use="literal"/>
      </output>
    </operation>
    <operation name="pauzirajAerodromZaLetove">
      <soap:operation soapAction=""/>
      <input>
        <soap:body use="literal"/>
      </input>
      <output>
        <soap:body use="literal"/>
      </output>
    </operation>
    <operation name="aktivirajAerodromZaLetove">
      <soap:operation soapAction=""/>
      <input>
        <soap:body use="literal"/>
      </input>
      <output>
        <soap:body use="literal"/>
      </output>
    </operation>
  </binding>
  <service name="aerodromi">
    <port name="WsAerodromiPort" binding="tns:WsAerodromiPortBinding">
      <soap:address location="http://webpredmeti:8080/dkusic_aplikacija_4/aerodromi"/>
    </port>
  </service>
</definitions>]]></con:content><con:type>http://schemas.xmlsoap.org/wsdl/</con:type></con:part><con:part><con:url>http://webpredmeti:8080/dkusic_aplikacija_4/aerodromi?xsd=1</con:url><con:content><![CDATA[<!--Published by XML-WS Runtime (https://github.com/eclipse-ee4j/metro-jax-ws). Runtime's version is Eclipse Metro/4.0.1 (RELEASE-4.0.1-18da659; 2022-07-02T08:47:18+0000) XMLWS-Impl/4.0.0 XMLWS-API/ XMLB-Impl/4.0.0 XMLB-API/4.0.0 git-revision#18da659.-->
<xs:schema version="1.0" targetNamespace="http://ws.aplikacija_4.dkusic.nwtis.foi.org/" xmlns:tns="http://ws.aplikacija_4.dkusic.nwtis.foi.org/" xmlns:xs="http://www.w3.org/2001/XMLSchema">
  <xs:element name="aktivirajAerodromZaLetove" type="tns:aktivirajAerodromZaLetove"/>
  <xs:element name="aktivirajAerodromZaLetoveResponse" type="tns:aktivirajAerodromZaLetoveResponse"/>
  <xs:element name="dajAerodromeZaLetove" type="tns:dajAerodromeZaLetove"/>
  <xs:element name="dajAerodromeZaLetoveResponse" type="tns:dajAerodromeZaLetoveResponse"/>
  <xs:element name="dodajAerodromZaLetove" type="tns:dodajAerodromZaLetove"/>
  <xs:element name="dodajAerodromZaLetoveResponse" type="tns:dodajAerodromZaLetoveResponse"/>
  <xs:element name="pauzirajAerodromZaLetove" type="tns:pauzirajAerodromZaLetove"/>
  <xs:element name="pauzirajAerodromZaLetoveResponse" type="tns:pauzirajAerodromZaLetoveResponse"/>
  <xs:element name="vratiStatuse" type="tns:vratiStatuse"/>
  <xs:element name="vratiStatuseResponse" type="tns:vratiStatuseResponse"/>
  <xs:complexType name="dajAerodromeZaLetove">
    <xs:sequence>
      <xs:element name="korisnik" type="xs:string" minOccurs="0"/>
      <xs:element name="lozinka" type="xs:string" minOccurs="0"/>
    </xs:sequence>
  </xs:complexType>
  <xs:complexType name="dajAerodromeZaLetoveResponse">
    <xs:sequence>
      <xs:element name="return" type="tns:aerodrom" minOccurs="0" maxOccurs="unbounded"/>
    </xs:sequence>
  </xs:complexType>
  <xs:complexType name="aerodrom">
    <xs:sequence>
      <xs:element name="drzava" type="xs:string" minOccurs="0"/>
      <xs:element name="icao" type="xs:string" minOccurs="0"/>
      <xs:element name="lokacija" type="tns:lokacija" minOccurs="0"/>
      <xs:element name="naziv" type="xs:string" minOccurs="0"/>
    </xs:sequence>
  </xs:complexType>
  <xs:complexType name="lokacija">
    <xs:sequence>
      <xs:element name="latitude" type="xs:string" minOccurs="0"/>
      <xs:element name="longitude" type="xs:string" minOccurs="0"/>
    </xs:sequence>
  </xs:complexType>
  <xs:complexType name="pauzirajAerodromZaLetove">
    <xs:sequence>
      <xs:element name="korisnik" type="xs:string" minOccurs="0"/>
      <xs:element name="lozinka" type="xs:string" minOccurs="0"/>
      <xs:element name="icao" type="xs:string" minOccurs="0"/>
    </xs:sequence>
  </xs:complexType>
  <xs:complexType name="pauzirajAerodromZaLetoveResponse">
    <xs:sequence>
      <xs:element name="return" type="xs:boolean"/>
    </xs:sequence>
  </xs:complexType>
  <xs:complexType name="aktivirajAerodromZaLetove">
    <xs:sequence>
      <xs:element name="korisnik" type="xs:string" minOccurs="0"/>
      <xs:element name="lozinka" type="xs:string" minOccurs="0"/>
      <xs:element name="icao" type="xs:string" minOccurs="0"/>
    </xs:sequence>
  </xs:complexType>
  <xs:complexType name="aktivirajAerodromZaLetoveResponse">
    <xs:sequence>
      <xs:element name="return" type="xs:boolean"/>
    </xs:sequence>
  </xs:complexType>
  <xs:complexType name="dodajAerodromZaLetove">
    <xs:sequence>
      <xs:element name="korisnik" type="xs:string" minOccurs="0"/>
      <xs:element name="lozinka" type="xs:string" minOccurs="0"/>
      <xs:element name="icao" type="xs:string" minOccurs="0"/>
    </xs:sequence>
  </xs:complexType>
  <xs:complexType name="dodajAerodromZaLetoveResponse">
    <xs:sequence>
      <xs:element name="return" type="xs:boolean"/>
    </xs:sequence>
  </xs:complexType>
  <xs:complexType name="vratiStatuse">
    <xs:sequence/>
  </xs:complexType>
  <xs:complexType name="vratiStatuseResponse">
    <xs:sequence>
      <xs:element name="return" type="xs:string" minOccurs="0" maxOccurs="unbounded"/>
    </xs:sequence>
  </xs:complexType>
</xs:schema>]]></con:content><con:type>http://www.w3.org/2001/XMLSchema</con:type></con:part></con:definitionCache><con:endpoints><con:endpoint>http://webpredmeti:8080/dkusic_aplikacija_4/aerodromi</con:endpoint></con:endpoints><con:operation id="e1693e17-addd-439b-a7d3-87d9a77b0634" isOneWay="false" action="" name="aktivirajAerodromZaLetove" bindingOperationName="aktivirajAerodromZaLetove" type="Request-Response" inputName="" receivesAttachments="false" sendsAttachments="false" anonymous="optional"><con:settings/><con:call id="77b5f161-a0c0-40f2-be71-de6fa535a4f3" name="Request 1"><con:settings><con:setting id="com.eviware.soapui.impl.wsdl.WsdlRequest@request-headers">&lt;xml-fragment/></con:setting></con:settings><con:encoding>UTF-8</con:encoding><con:endpoint>http://webpredmeti:8080/dkusic_aplikacija_4/aerodromi</con:endpoint><con:request><![CDATA[<soapenv:Envelope xmlns:soapenv="http://schemas.xmlsoap.org/soap/envelope/" xmlns:ws="http://ws.aplikacija_4.dkusic.nwtis.foi.org/">
   <soapenv:Header/>
   <soapenv:Body>
      <ws:aktivirajAerodromZaLetove>
         <!--Optional:-->
         <korisnik>dkusic</korisnik>
         <!--Optional:-->
         <lozinka>sifra123</lozinka>
         <!--Optional:-->
         <icao>EDDF</icao>
      </ws:aktivirajAerodromZaLetove>
   </soapenv:Body>
</soapenv:Envelope>]]></con:request><con:credentials><con:authType>No Authorization</con:authType></con:credentials><con:jmsConfig JMSDeliveryMode="PERSISTENT"/><con:jmsPropertyConfig/><con:wsaConfig mustUnderstand="NONE" version="200508" action="http://ws.aplikacija_4.dkusic.nwtis.foi.org/WsAerodromi/aktivirajAerodromZaLetoveRequest"/><con:wsrmConfig version="1.2"/></con:call></con:operation><con:operation id="b16a40ca-d91d-423e-b832-75babe8887cc" isOneWay="false" action="" name="dajAerodromeZaLetove" bindingOperationName="dajAerodromeZaLetove" type="Request-Response" inputName="" receivesAttachments="false" sendsAttachments="false" anonymous="optional"><con:settings/><con:call id="49dc4f6c-af5f-4ca3-8c86-148877784bc3" name="Request 1"><con:settings><con:setting id="com.eviware.soapui.impl.wsdl.WsdlRequest@request-headers">&lt;xml-fragment/></con:setting></con:settings><con:encoding>UTF-8</con:encoding><con:endpoint>http://webpredmeti:8080/dkusic_aplikacija_4/aerodromi</con:endpoint><con:request><![CDATA[<soapenv:Envelope xmlns:soapenv="http://schemas.xmlsoap.org/soap/envelope/" xmlns:ws="http://ws.aplikacija_4.dkusic.nwtis.foi.org/">
   <soapenv:Header/>
   <soapenv:Body>
      <ws:dajAerodromeZaLetove>
         <!--Optional:-->
         <korisnik>dkusic</korisnik>
         <!--Optional:-->
         <lozinka>sifra123</lozinka>
      </ws:dajAerodromeZaLetove>
   </soapenv:Body>
</soapenv:Envelope>]]></con:request><con:credentials><con:authType>No Authorization</con:authType></con:credentials><con:jmsConfig JMSDeliveryMode="PERSISTENT"/><con:jmsPropertyConfig/><con:wsaConfig mustUnderstand="NONE" version="200508" action="http://ws.aplikacija_4.dkusic.nwtis.foi.org/WsAerodromi/dajAerodromeZaLetoveRequest"/><con:wsrmConfig version="1.2"/></con:call></con:operation><con:operation id="99a20c47-94a8-410b-bd43-a1bd316687fd" isOneWay="false" action="" name="dodajAerodromZaLetove" bindingOperationName="dodajAerodromZaLetove" type="Request-Response" inputName="" receivesAttachments="false" sendsAttachments="false" anonymous="optional"><con:settings/><con:call id="77fd012d-ab78-420b-9edb-268acead4315" name="Request 1"><con:settings><con:setting id="com.eviware.soapui.impl.wsdl.WsdlRequest@request-headers">&lt;xml-fragment/></con:setting></con:settings><con:encoding>UTF-8</con:encoding><con:endpoint>http://webpredmeti:8080/dkusic_aplikacija_4/aerodromi</con:endpoint><con:request><![CDATA[<soapenv:Envelope xmlns:soapenv="http://schemas.xmlsoap.org/soap/envelope/" xmlns:ws="http://ws.aplikacija_4.dkusic.nwtis.foi.org/">
   <soapenv:Header/>
   <soapenv:Body>
      <ws:dodajAerodromZaLetove>
         <!--Optional:-->
         <korisnik>dkusic</korisnik>
         <!--Optional:-->
         <lozinka>sifra123</lozinka>
         <!--Optional:-->
         <icao>INFO</icao>
      </ws:dodajAerodromZaLetove>
   </soapenv:Body>
</soapenv:Envelope>]]></con:request><con:credentials><con:authType>No Authorization</con:authType></con:credentials><con:jmsConfig JMSDeliveryMode="PERSISTENT"/><con:jmsPropertyConfig/><con:wsaConfig mustUnderstand="NONE" version="200508" action="http://ws.aplikacija_4.dkusic.nwtis.foi.org/WsAerodromi/dodajAerodromZaLetoveRequest"/><con:wsrmConfig version="1.2"/></con:call></con:operation><con:operation id="45a8e394-af50-4ca4-a84e-a92146c3b725" isOneWay="false" action="" name="pauzirajAerodromZaLetove" bindingOperationName="pauzirajAerodromZaLetove" type="Request-Response" inputName="" receivesAttachments="false" sendsAttachments="false" anonymous="optional"><con:settings/><con:call id="63e8d4c9-39d5-43e1-b8fe-c2f4582a5c63" name="Request 1"><con:settings><con:setting id="com.eviware.soapui.impl.wsdl.WsdlRequest@request-headers">&lt;xml-fragment/></con:setting></con:settings><con:encoding>UTF-8</con:encoding><con:endpoint>http://webpredmeti:8080/dkusic_aplikacija_4/aerodromi</con:endpoint><con:request><![CDATA[<soapenv:Envelope xmlns:soapenv="http://schemas.xmlsoap.org/soap/envelope/" xmlns:ws="http://ws.aplikacija_4.dkusic.nwtis.foi.org/">
   <soapenv:Header/>
   <soapenv:Body>
      <ws:pauzirajAerodromZaLetove>
         <!--Optional:-->
         <korisnik>dkusic</korisnik>
         <!--Optional:-->
         <lozinka>sifra123</lozinka>
         <!--Optional:-->
         <icao>INFO</icao>
      </ws:pauzirajAerodromZaLetove>
   </soapenv:Body>
</soapenv:Envelope>]]></con:request><con:credentials><con:authType>No Authorization</con:authType></con:credentials><con:jmsConfig JMSDeliveryMode="PERSISTENT"/><con:jmsPropertyConfig/><con:wsaConfig mustUnderstand="NONE" version="200508" action="http://ws.aplikacija_4.dkusic.nwtis.foi.org/WsAerodromi/pauzirajAerodromZaLetoveRequest"/><con:wsrmConfig version="1.2"/></con:call></con:operation><con:operation id="a1459547-61c8-42d7-acae-b512cf33d553" isOneWay="false" action="" name="vratiStatuse" bindingOperationName="vratiStatuse" type="Request-Response" inputName="" receivesAttachments="false" sendsAttachments="false" anonymous="optional"><con:settings/><con:call id="2961056c-28c7-490f-978b-0b07b457a50f" name="Request 1"><con:settings><con:setting id="com.eviware.soapui.impl.wsdl.WsdlRequest@request-headers">&lt;xml-fragment/></con:setting></con:settings><con:encoding>UTF-8</con:encoding><con:endpoint>http://webpredmeti:8080/dkusic_aplikacija_4/aerodromi</con:endpoint><con:request><![CDATA[<soapenv:Envelope xmlns:soapenv="http://schemas.xmlsoap.org/soap/envelope/" xmlns:ws="http://ws.aplikacija_4.dkusic.nwtis.foi.org/">
   <soapenv:Header/>
   <soapenv:Body>
      <ws:vratiStatuse/>
   </soapenv:Body>
</soapenv:Envelope>]]></con:request><con:credentials><con:authType>No Authorization</con:authType></con:credentials><con:jmsConfig JMSDeliveryMode="PERSISTENT"/><con:jmsPropertyConfig/><con:wsaConfig mustUnderstand="NONE" version="200508" action="http://ws.aplikacija_4.dkusic.nwtis.foi.org/WsAerodromi/vratiStatuseRequest"/><con:wsrmConfig version="1.2"/></con:call></con:operation></con:interface><con:interface xsi:type="con:WsdlInterface" id="60db9072-b0f2-4c3a-909f-d38b88ba13d0" wsaVersion="NONE" name="WsKorisniciPortBinding" type="wsdl" bindingName="{http://ws.aplikacija_4.dkusic.nwtis.foi.org/}WsKorisniciPortBinding" soapVersion="1_1" anonymous="optional" definition="http://webpredmeti:8080/dkusic_aplikacija_4/korisnici?wsdl" xmlns:xsi="http://www.w3.org/2001/XMLSchema-instance"><con:settings/><con:definitionCache type="TEXT" rootPart="http://webpredmeti:8080/dkusic_aplikacija_4/korisnici?wsdl"><con:part><con:url>http://webpredmeti:8080/dkusic_aplikacija_4/korisnici?wsdl</con:url><con:content><![CDATA[<!--Published by XML-WS Runtime (https://github.com/eclipse-ee4j/metro-jax-ws). Runtime's version is Eclipse Metro/4.0.1 (RELEASE-4.0.1-18da659; 2022-07-02T08:47:18+0000) XMLWS-Impl/4.0.0 XMLWS-API/ XMLB-Impl/4.0.0 XMLB-API/4.0.0 git-revision#18da659.-->
<!--Generated by XML-WS Runtime (https://github.com/eclipse-ee4j/metro-jax-ws). Runtime's version is Eclipse Metro/4.0.1 (RELEASE-4.0.1-18da659; 2022-07-02T08:47:18+0000) XMLWS-Impl/4.0.0 XMLWS-API/ XMLB-Impl/4.0.0 XMLB-API/4.0.0 git-revision#18da659.-->
<definitions targetNamespace="http://ws.aplikacija_4.dkusic.nwtis.foi.org/" name="korisnici" xmlns:wsu="http://docs.oasis-open.org/wss/2004/01/oasis-200401-wss-wssecurity-utility-1.0.xsd" xmlns:wsp="http://www.w3.org/ns/ws-policy" xmlns:wsp1_2="http://schemas.xmlsoap.org/ws/2004/09/policy" xmlns:wsam="http://www.w3.org/2007/05/addressing/metadata" xmlns:soap="http://schemas.xmlsoap.org/wsdl/soap/" xmlns:tns="http://ws.aplikacija_4.dkusic.nwtis.foi.org/" xmlns:xsd="http://www.w3.org/2001/XMLSchema" xmlns="http://schemas.xmlsoap.org/wsdl/">
  <types>
    <xsd:schema>
      <xsd:import namespace="http://ws.aplikacija_4.dkusic.nwtis.foi.org/" schemaLocation="http://webpredmeti:8080/dkusic_aplikacija_4/korisnici?xsd=1"/>
    </xsd:schema>
  </types>
  <message name="brojKorisnika">
    <part name="parameters" element="tns:brojKorisnika"/>
  </message>
  <message name="brojKorisnikaResponse">
    <part name="parameters" element="tns:brojKorisnikaResponse"/>
  </message>
  <message name="dodajKorisnika">
    <part name="parameters" element="tns:dodajKorisnika"/>
  </message>
  <message name="dodajKorisnikaResponse">
    <part name="parameters" element="tns:dodajKorisnikaResponse"/>
  </message>
  <message name="dajKorisnike">
    <part name="parameters" element="tns:dajKorisnike"/>
  </message>
  <message name="dajKorisnikeResponse">
    <part name="parameters" element="tns:dajKorisnikeResponse"/>
  </message>
  <message name="PogresnaAutentikacija">
    <part name="fault" element="tns:PogresnaAutentikacija"/>
  </message>
  <message name="dajKorisnika">
    <part name="parameters" element="tns:dajKorisnika"/>
  </message>
  <message name="dajKorisnikaResponse">
    <part name="parameters" element="tns:dajKorisnikaResponse"/>
  </message>
  <portType name="WsKorisnici">
    <operation name="brojKorisnika">
      <input wsam:Action="http://ws.aplikacija_4.dkusic.nwtis.foi.org/WsKorisnici/brojKorisnikaRequest" message="tns:brojKorisnika"/>
      <output wsam:Action="http://ws.aplikacija_4.dkusic.nwtis.foi.org/WsKorisnici/brojKorisnikaResponse" message="tns:brojKorisnikaResponse"/>
    </operation>
    <operation name="dodajKorisnika">
      <input wsam:Action="http://ws.aplikacija_4.dkusic.nwtis.foi.org/WsKorisnici/dodajKorisnikaRequest" message="tns:dodajKorisnika"/>
      <output wsam:Action="http://ws.aplikacija_4.dkusic.nwtis.foi.org/WsKorisnici/dodajKorisnikaResponse" message="tns:dodajKorisnikaResponse"/>
    </operation>
    <operation name="dajKorisnike">
      <input wsam:Action="http://ws.aplikacija_4.dkusic.nwtis.foi.org/WsKorisnici/dajKorisnikeRequest" message="tns:dajKorisnike"/>
      <output wsam:Action="http://ws.aplikacija_4.dkusic.nwtis.foi.org/WsKorisnici/dajKorisnikeResponse" message="tns:dajKorisnikeResponse"/>
      <fault message="tns:PogresnaAutentikacija" name="PogresnaAutentikacija" wsam:Action="http://ws.aplikacija_4.dkusic.nwtis.foi.org/WsKorisnici/dajKorisnike/Fault/PogresnaAutentikacija"/>
    </operation>
    <operation name="dajKorisnika">
      <input wsam:Action="http://ws.aplikacija_4.dkusic.nwtis.foi.org/WsKorisnici/dajKorisnikaRequest" message="tns:dajKorisnika"/>
      <output wsam:Action="http://ws.aplikacija_4.dkusic.nwtis.foi.org/WsKorisnici/dajKorisnikaResponse" message="tns:dajKorisnikaResponse"/>
      <fault message="tns:PogresnaAutentikacija" name="PogresnaAutentikacija" wsam:Action="http://ws.aplikacija_4.dkusic.nwtis.foi.org/WsKorisnici/dajKorisnika/Fault/PogresnaAutentikacija"/>
    </operation>
  </portType>
  <binding name="WsKorisniciPortBinding" type="tns:WsKorisnici">
    <soap:binding transport="http://schemas.xmlsoap.org/soap/http" style="document"/>
    <operation name="brojKorisnika">
      <soap:operation soapAction=""/>
      <input>
        <soap:body use="literal"/>
      </input>
      <output>
        <soap:body use="literal"/>
      </output>
    </operation>
    <operation name="dodajKorisnika">
      <soap:operation soapAction=""/>
      <input>
        <soap:body use="literal"/>
      </input>
      <output>
        <soap:body use="literal"/>
      </output>
    </operation>
    <operation name="dajKorisnike">
      <soap:operation soapAction=""/>
      <input>
        <soap:body use="literal"/>
      </input>
      <output>
        <soap:body use="literal"/>
      </output>
      <fault name="PogresnaAutentikacija">
        <soap:fault name="PogresnaAutentikacija" use="literal"/>
      </fault>
    </operation>
    <operation name="dajKorisnika">
      <soap:operation soapAction=""/>
      <input>
        <soap:body use="literal"/>
      </input>
      <output>
        <soap:body use="literal"/>
      </output>
      <fault name="PogresnaAutentikacija">
        <soap:fault name="PogresnaAutentikacija" use="literal"/>
      </fault>
    </operation>
  </binding>
  <service name="korisnici">
    <port name="WsKorisniciPort" binding="tns:WsKorisniciPortBinding">
      <soap:address location="http://webpredmeti:8080/dkusic_aplikacija_4/korisnici"/>
    </port>
  </service>
</definitions>]]></con:content><con:type>http://schemas.xmlsoap.org/wsdl/</con:type></con:part><con:part><con:url>http://webpredmeti:8080/dkusic_aplikacija_4/korisnici?xsd=1</con:url><con:content><![CDATA[<!--Published by XML-WS Runtime (https://github.com/eclipse-ee4j/metro-jax-ws). Runtime's version is Eclipse Metro/4.0.1 (RELEASE-4.0.1-18da659; 2022-07-02T08:47:18+0000) XMLWS-Impl/4.0.0 XMLWS-API/ XMLB-Impl/4.0.0 XMLB-API/4.0.0 git-revision#18da659.-->
<xs:schema version="1.0" targetNamespace="http://ws.aplikacija_4.dkusic.nwtis.foi.org/" xmlns:tns="http://ws.aplikacija_4.dkusic.nwtis.foi.org/" xmlns:xs="http://www.w3.org/2001/XMLSchema">
  <xs:element name="PogresnaAutentikacija" type="tns:PogresnaAutentikacija"/>
  <xs:element name="brojKorisnika" type="tns:brojKorisnika"/>
  <xs:element name="brojKorisnikaResponse" type="tns:brojKorisnikaResponse"/>
  <xs:element name="dajKorisnika" type="tns:dajKorisnika"/>
  <xs:element name="dajKorisnikaResponse" type="tns:dajKorisnikaResponse"/>
  <xs:element name="dajKorisnike" type="tns:dajKorisnike"/>
  <xs:element name="dajKorisnikeResponse" type="tns:dajKorisnikeResponse"/>
  <xs:element name="dodajKorisnika" type="tns:dodajKorisnika"/>
  <xs:element name="dodajKorisnikaResponse" type="tns:dodajKorisnikaResponse"/>
  <xs:complexType name="dajKorisnike">
    <xs:sequence>
      <xs:element name="korisnik" type="xs:string" minOccurs="0"/>
      <xs:element name="lozinka" type="xs:string" minOccurs="0"/>
      <xs:element name="traziImeKorisnika" type="xs:string" minOccurs="0"/>
      <xs:element name="traziPrezimeKorisnika" type="xs:string" minOccurs="0"/>
    </xs:sequence>
  </xs:complexType>
  <xs:complexType name="dajKorisnikeResponse">
    <xs:sequence>
      <xs:element name="return" type="tns:korisnik" minOccurs="0" maxOccurs="unbounded"/>
    </xs:sequence>
  </xs:complexType>
  <xs:complexType name="korisnik">
    <xs:sequence>
      <xs:element name="email" type="xs:string" minOccurs="0"/>
      <xs:element name="ime" type="xs:string" minOccurs="0"/>
      <xs:element name="korIme" type="xs:string" minOccurs="0"/>
      <xs:element name="lozinka" type="xs:string" minOccurs="0"/>
      <xs:element name="prezime" type="xs:string" minOccurs="0"/>
    </xs:sequence>
  </xs:complexType>
  <xs:complexType name="PogresnaAutentikacija">
    <xs:sequence>
      <xs:element name="message" type="xs:string" minOccurs="0"/>
    </xs:sequence>
  </xs:complexType>
  <xs:complexType name="brojKorisnika">
    <xs:sequence/>
  </xs:complexType>
  <xs:complexType name="brojKorisnikaResponse">
    <xs:sequence>
      <xs:element name="return" type="xs:int"/>
    </xs:sequence>
  </xs:complexType>
  <xs:complexType name="dajKorisnika">
    <xs:sequence>
      <xs:element name="korisnik" type="xs:string" minOccurs="0"/>
      <xs:element name="lozinka" type="xs:string" minOccurs="0"/>
      <xs:element name="traziKorisnika" type="xs:string" minOccurs="0"/>
    </xs:sequence>
  </xs:complexType>
  <xs:complexType name="dajKorisnikaResponse">
    <xs:sequence>
      <xs:element name="return" type="tns:korisnik" minOccurs="0"/>
    </xs:sequence>
  </xs:complexType>
  <xs:complexType name="dodajKorisnika">
    <xs:sequence>
      <xs:element name="arg0" type="tns:korisnik" minOccurs="0"/>
    </xs:sequence>
  </xs:complexType>
  <xs:complexType name="dodajKorisnikaResponse">
    <xs:sequence>
      <xs:element name="return" type="xs:boolean"/>
    </xs:sequence>
  </xs:complexType>
</xs:schema>]]></con:content><con:type>http://www.w3.org/2001/XMLSchema</con:type></con:part></con:definitionCache><con:endpoints><con:endpoint>http://webpredmeti:8080/dkusic_aplikacija_4/korisnici</con:endpoint></con:endpoints><con:operation id="6a3fa459-7ecd-4982-80cb-dc63c363be76" isOneWay="false" action="" name="brojKorisnika" bindingOperationName="brojKorisnika" type="Request-Response" inputName="" receivesAttachments="false" sendsAttachments="false" anonymous="optional"><con:settings/><con:call id="79d397db-5da8-4f6a-bd81-93b06a93d833" name="Request 1"><con:settings><con:setting id="com.eviware.soapui.impl.wsdl.WsdlRequest@request-headers">&lt;xml-fragment/></con:setting></con:settings><con:encoding>UTF-8</con:encoding><con:endpoint>http://webpredmeti:8080/dkusic_aplikacija_4/korisnici</con:endpoint><con:request><![CDATA[<soapenv:Envelope xmlns:soapenv="http://schemas.xmlsoap.org/soap/envelope/" xmlns:ws="http://ws.aplikacija_4.dkusic.nwtis.foi.org/">
   <soapenv:Header/>
   <soapenv:Body>
      <ws:brojKorisnika/>
   </soapenv:Body>
</soapenv:Envelope>]]></con:request><con:credentials><con:authType>No Authorization</con:authType></con:credentials><con:jmsConfig JMSDeliveryMode="PERSISTENT"/><con:jmsPropertyConfig/><con:wsaConfig mustUnderstand="NONE" version="200508" action="http://ws.aplikacija_4.dkusic.nwtis.foi.org/WsKorisnici/brojKorisnikaRequest"/><con:wsrmConfig version="1.2"/></con:call></con:operation><con:operation id="303757c2-0d6f-4be4-b17e-469d733891c4" isOneWay="false" action="" name="dajKorisnika" bindingOperationName="dajKorisnika" type="Request-Response" inputName="" receivesAttachments="false" sendsAttachments="false" anonymous="optional"><con:settings/><con:call id="042c7980-977c-4c4d-a88b-f9de6597e70e" name="Request 1"><con:settings><con:setting id="com.eviware.soapui.impl.wsdl.WsdlRequest@request-headers">&lt;xml-fragment/></con:setting></con:settings><con:encoding>UTF-8</con:encoding><con:endpoint>http://webpredmeti:8080/dkusic_aplikacija_4/korisnici</con:endpoint><con:request><![CDATA[<soapenv:Envelope xmlns:soapenv="http://schemas.xmlsoap.org/soap/envelope/" xmlns:ws="http://ws.aplikacija_4.dkusic.nwtis.foi.org/">
   <soapenv:Header/>
   <soapenv:Body>
      <ws:dajKorisnika>
         <!--Optional:-->
         <korisnik>dkusic</korisnik>
         <!--Optional:-->
         <lozinka>sifra123</lozinka>
         <!--Optional:-->
         <traziKorisnika>lm10</traziKorisnika>
      </ws:dajKorisnika>
   </soapenv:Body>
</soapenv:Envelope>]]></con:request><con:credentials><con:authType>No Authorization</con:authType></con:credentials><con:jmsConfig JMSDeliveryMode="PERSISTENT"/><con:jmsPropertyConfig/><con:wsaConfig mustUnderstand="NONE" version="200508" action="http://ws.aplikacija_4.dkusic.nwtis.foi.org/WsKorisnici/dajKorisnikaRequest"/><con:wsrmConfig version="1.2"/></con:call></con:operation><con:operation id="d88bdfcf-aae0-420a-83f4-f3619613c1c8" isOneWay="false" action="" name="dajKorisnike" bindingOperationName="dajKorisnike" type="Request-Response" inputName="" receivesAttachments="false" sendsAttachments="false" anonymous="optional"><con:settings/><con:call id="708d7725-aabb-418b-a8a5-b150656c2fa8" name="Request 1"><con:settings><con:setting id="com.eviware.soapui.impl.wsdl.WsdlRequest@request-headers">&lt;xml-fragment/></con:setting></con:settings><con:encoding>UTF-8</con:encoding><con:endpoint>http://webpredmeti:8080/dkusic_aplikacija_4/korisnici</con:endpoint><con:request><![CDATA[<soapenv:Envelope xmlns:soapenv="http://schemas.xmlsoap.org/soap/envelope/" xmlns:ws="http://ws.aplikacija_4.dkusic.nwtis.foi.org/">
   <soapenv:Header/>
   <soapenv:Body>
      <ws:dajKorisnike>
         <!--Optional:-->
         <korisnik>dkusic</korisnik>
         <!--Optional:-->
         <lozinka>sifra123</lozinka>
         <!--Optional:-->
         <traziImeKorisnika></traziImeKorisnika>
         <!--Optional:-->
         <traziPrezimeKorisnika></traziPrezimeKorisnika>
      </ws:dajKorisnike>
   </soapenv:Body>
</soapenv:Envelope>]]></con:request><con:credentials><con:authType>No Authorization</con:authType></con:credentials><con:jmsConfig JMSDeliveryMode="PERSISTENT"/><con:jmsPropertyConfig/><con:wsaConfig mustUnderstand="NONE" version="200508" action="http://ws.aplikacija_4.dkusic.nwtis.foi.org/WsKorisnici/dajKorisnikeRequest"/><con:wsrmConfig version="1.2"/></con:call></con:operation><con:operation id="0fbb5019-9d72-4f76-b605-433a29753243" isOneWay="false" action="" name="dodajKorisnika" bindingOperationName="dodajKorisnika" type="Request-Response" inputName="" receivesAttachments="false" sendsAttachments="false" anonymous="optional"><con:settings/><con:call id="8f9f76c8-37f2-41b5-b223-957657caba62" name="Request 1"><con:settings><con:setting id="com.eviware.soapui.impl.wsdl.WsdlRequest@request-headers">&lt;xml-fragment/></con:setting></con:settings><con:encoding>UTF-8</con:encoding><con:endpoint>http://webpredmeti:8080/dkusic_aplikacija_4/korisnici</con:endpoint><con:request><![CDATA[<soapenv:Envelope xmlns:soapenv="http://schemas.xmlsoap.org/soap/envelope/" xmlns:ws="http://ws.aplikacija_4.dkusic.nwtis.foi.org/">
   <soapenv:Header/>
   <soapenv:Body>
      <ws:dodajKorisnika>
         <!--Optional:-->
         <arg0>
            <!--Optional:-->
            <email>random@mail.com</email>
            <!--Optional:-->
            <ime>Luka</ime>
            <!--Optional:-->
            <korIme>lm101</korIme>
            <!--Optional:-->
            <lozinka>zlatnaLopta</lozinka>
            <!--Optional:-->
            <prezime>Modrić</prezime>
         </arg0>
      </ws:dodajKorisnika>
   </soapenv:Body>
</soapenv:Envelope>]]></con:request><con:credentials><con:authType>No Authorization</con:authType></con:credentials><con:jmsConfig JMSDeliveryMode="PERSISTENT"/><con:jmsPropertyConfig/><con:wsaConfig mustUnderstand="NONE" version="200508" action="http://ws.aplikacija_4.dkusic.nwtis.foi.org/WsKorisnici/dodajKorisnikaRequest"/><con:wsrmConfig version="1.2"/></con:call></con:operation></con:interface><con:properties/><con:wssContainer/><con:oAuth2ProfileContainer/><con:oAuth1ProfileContainer/></con:soapui-project>