<?xml version="1.0" encoding="UTF-8" standalone="no"?>
<!DOCTYPE properties SYSTEM "http://java.sun.com/dtd/properties.dtd">
<properties>
<entry key="aerodromi.sakupljanje">EDDF EGCC EDDM LHBP EIDW EDDH ESMS LFML EGNT EPWR EHEH LPPR LPPD EPKK ELLX LIML ENGM LIRP EINN LSZH EPWA</entry>
<entry key="ciklus.trajanje">300</entry> 
<entry key="preuzimanje.od">01.01.2023</entry>
<entry key="preuzimanje.do">01.05.2023</entry>
<entry key="OpenSkyNetwork.korisnik">dkusic</entry>
<entry key="OpenSkyNetwork.lozinka">T2rqZjScNQtDe5t</entry>
<entry key="OpenWeatherMap.apikey">77acb5d48ff5e7e0e071d3e8b2abd218</entry>
<entry key="LocationIQ.apikey">pk.aa4405a094f841a4779b7d785fec4256</entry>
</properties>